run_id,seed,status,val_rmse,train_seconds,config_id,error_msg,hidden_lstm,hidden_gru,dense1,dense2,dropout,lr,weight_decay,batch_size,grad_clip
1,43,ok,0.020017554983496666,8.529628992080688,"{""batch_size"": 64, ""dense1"": 64, ""dense2"": 32, ""dropout"": 0.0, ""grad_clip"": 1.0, ""hidden_gru"": 128, ""hidden_lstm"": 128, ""lr"": 0.0005, ""weight_decay"": 1e-06}",,128,128,64,32,0.0,0.0005,1e-06,64,1.0
2,44,ok,0.01969076506793499,1.708008050918579,"{""batch_size"": 128, ""dense1"": 64, ""dense2"": 32, ""dropout"": 0.0, ""grad_clip"": 1.0, ""hidden_gru"": 128, ""hidden_lstm"": 128, ""lr"": 0.0005, ""weight_decay"": 1e-06}",,128,128,64,32,0.0,0.0005,1e-06,128,1.0
3,45,ok,0.01997755654156208,2.105499744415283,"{""batch_size"": 64, ""dense1"": 64, ""dense2"": 32, ""dropout"": 0.0, ""grad_clip"": 1.0, ""hidden_gru"": 128, ""hidden_lstm"": 128, ""lr"": 0.0005, ""weight_decay"": 0.0001}",,128,128,64,32,0.0,0.0005,0.0001,64,1.0
4,46,ok,0.019797982648015022,2.0928564071655273,"{""batch_size"": 128, ""dense1"": 64, ""dense2"": 32, ""dropout"": 0.0, ""grad_clip"": 1.0, ""hidden_gru"": 128, ""hidden_lstm"": 128, ""lr"": 0.0005, ""weight_decay"": 0.0001}",,128,128,64,32,0.0,0.0005,0.0001,128,1.0
5,47,ok,0.019571125507354736,2.1666059494018555,"{""batch_size"": 64, ""dense1"": 64, ""dense2"": 32, ""dropout"": 0.0, ""grad_clip"": 1.0, ""hidden_gru"": 128, ""hidden_lstm"": 128, ""lr"": 0.001, ""weight_decay"": 1e-06}",,128,128,64,32,0.0,0.001,1e-06,64,1.0
6,48,ok,0.01981736347079277,1.913888931274414,"{""batch_size"": 128, ""dense1"": 64, ""dense2"": 32, ""dropout"": 0.0, ""grad_clip"": 1.0, ""hidden_gru"": 128, ""hidden_lstm"": 128, ""lr"": 0.001, ""weight_decay"": 1e-06}",,128,128,64,32,0.0,0.001,1e-06,128,1.0
7,49,ok,0.02097715437412262,2.0980935096740723,"{""batch_size"": 64, ""dense1"": 64, ""dense2"": 32, ""dropout"": 0.0, ""grad_clip"": 1.0, ""hidden_gru"": 128, ""hidden_lstm"": 128, ""lr"": 0.001, ""weight_decay"": 0.0001}",,128,128,64,32,0.0,0.001,0.0001,64,1.0
8,50,ok,0.019206615164875984,1.7179508209228516,"{""batch_size"": 128, ""dense1"": 64, ""dense2"": 32, ""dropout"": 0.0, ""grad_clip"": 1.0, ""hidden_gru"": 128, ""hidden_lstm"": 128, ""lr"": 0.001, ""weight_decay"": 0.0001}",,128,128,64,32,0.0,0.001,0.0001,128,1.0
9,51,ok,0.01926788128912449,1.9138622283935547,"{""batch_size"": 64, ""dense1"": 64, ""dense2"": 32, ""dropout"": 0.2, ""grad_clip"": 1.0, ""hidden_gru"": 128, ""hidden_lstm"": 128, ""lr"": 0.0005, ""weight_decay"": 1e-06}",,128,128,64,32,0.2,0.0005,1e-06,64,1.0
10,52,ok,0.01926407217979431,1.7201194763183594,"{""batch_size"": 128, ""dense1"": 64, ""dense2"": 32, ""dropout"": 0.2, ""grad_clip"": 1.0, ""hidden_gru"": 128, ""hidden_lstm"": 128, ""lr"": 0.0005, ""weight_decay"": 1e-06}",,128,128,64,32,0.2,0.0005,1e-06,128,1.0
11,53,ok,0.019593318924307823,3.384260892868042,"{""batch_size"": 64, ""dense1"": 64, ""dense2"": 32, ""dropout"": 0.2, ""grad_clip"": 1.0, ""hidden_gru"": 128, ""hidden_lstm"": 128, ""lr"": 0.0005, ""weight_decay"": 0.0001}",,128,128,64,32,0.2,0.0005,0.0001,64,1.0
12,54,ok,0.020067185163497925,3.0719351768493652,"{""batch_size"": 128, ""dense1"": 64, ""dense2"": 32, ""dropout"": 0.2, ""grad_clip"": 1.0, ""hidden_gru"": 128, ""hidden_lstm"": 128, ""lr"": 0.0005, ""weight_decay"": 0.0001}",,128,128,64,32,0.2,0.0005,0.0001,128,1.0
13,55,ok,0.02014351263642311,2.182699203491211,"{""batch_size"": 64, ""dense1"": 64, ""dense2"": 32, ""dropout"": 0.2, ""grad_clip"": 1.0, ""hidden_gru"": 128, ""hidden_lstm"": 128, ""lr"": 0.001, ""weight_decay"": 1e-06}",,128,128,64,32,0.2,0.001,1e-06,64,1.0
14,56,ok,0.019471734762191772,2.1073720455169678,"{""batch_size"": 128, ""dense1"": 64, ""dense2"": 32, ""dropout"": 0.2, ""grad_clip"": 1.0, ""hidden_gru"": 128, ""hidden_lstm"": 128, ""lr"": 0.001, ""weight_decay"": 1e-06}",,128,128,64,32,0.2,0.001,1e-06,128,1.0
15,57,ok,0.019658833742141724,2.5475456714630127,"{""batch_size"": 64, ""dense1"": 64, ""dense2"": 32, ""dropout"": 0.2, ""grad_clip"": 1.0, ""hidden_gru"": 128, ""hidden_lstm"": 128, ""lr"": 0.001, ""weight_decay"": 0.0001}",,128,128,64,32,0.2,0.001,0.0001,64,1.0
16,58,ok,0.019872402772307396,2.716858386993408,"{""batch_size"": 128, ""dense1"": 64, ""dense2"": 32, ""dropout"": 0.2, ""grad_clip"": 1.0, ""hidden_gru"": 128, ""hidden_lstm"": 128, ""lr"": 0.001, ""weight_decay"": 0.0001}",,128,128,64,32,0.2,0.001,0.0001,128,1.0
17,59,ok,0.019794786348938942,2.350466251373291,"{""batch_size"": 64, ""dense1"": 64, ""dense2"": 64, ""dropout"": 0.0, ""grad_clip"": 1.0, ""hidden_gru"": 128, ""hidden_lstm"": 128, ""lr"": 0.0005, ""weight_decay"": 1e-06}",,128,128,64,64,0.0,0.0005,1e-06,64,1.0
18,60,ok,0.01945982314646244,1.5350782871246338,"{""batch_size"": 128, ""dense1"": 64, ""dense2"": 64, ""dropout"": 0.0, ""grad_clip"": 1.0, ""hidden_gru"": 128, ""hidden_lstm"": 128, ""lr"": 0.0005, ""weight_decay"": 1e-06}",,128,128,64,64,0.0,0.0005,1e-06,128,1.0
19,61,ok,0.01966879889369011,1.833031177520752,"{""batch_size"": 64, ""dense1"": 64, ""dense2"": 64, ""dropout"": 0.0, ""grad_clip"": 1.0, ""hidden_gru"": 128, ""hidden_lstm"": 128, ""lr"": 0.0005, ""weight_decay"": 0.0001}",,128,128,64,64,0.0,0.0005,0.0001,64,1.0
20,62,ok,0.019217656925320625,2.298830986022949,"{""batch_size"": 128, ""dense1"": 64, ""dense2"": 64, ""dropout"": 0.0, ""grad_clip"": 1.0, ""hidden_gru"": 128, ""hidden_lstm"": 128, ""lr"": 0.0005, ""weight_decay"": 0.0001}",,128,128,64,64,0.0,0.0005,0.0001,128,1.0
21,63,ok,0.019391829147934914,2.41829514503479,"{""batch_size"": 64, ""dense1"": 64, ""dense2"": 64, ""dropout"": 0.0, ""grad_clip"": 1.0, ""hidden_gru"": 128, ""hidden_lstm"": 128, ""lr"": 0.001, ""weight_decay"": 1e-06}",,128,128,64,64,0.0,0.001,1e-06,64,1.0
22,64,ok,0.019482649862766266,1.7401361465454102,"{""batch_size"": 128, ""dense1"": 64, ""dense2"": 64, ""dropout"": 0.0, ""grad_clip"": 1.0, ""hidden_gru"": 128, ""hidden_lstm"": 128, ""lr"": 0.001, ""weight_decay"": 1e-06}",,128,128,64,64,0.0,0.001,1e-06,128,1.0
23,65,ok,0.019432250410318375,2.0856399536132812,"{""batch_size"": 64, ""dense1"": 64, ""dense2"": 64, ""dropout"": 0.0, ""grad_clip"": 1.0, ""hidden_gru"": 128, ""hidden_lstm"": 128, ""lr"": 0.001, ""weight_decay"": 0.0001}",,128,128,64,64,0.0,0.001,0.0001,64,1.0
24,66,ok,0.01937817595899105,1.9229745864868164,"{""batch_size"": 128, ""dense1"": 64, ""dense2"": 64, ""dropout"": 0.0, ""grad_clip"": 1.0, ""hidden_gru"": 128, ""hidden_lstm"": 128, ""lr"": 0.001, ""weight_decay"": 0.0001}",,128,128,64,64,0.0,0.001,0.0001,128,1.0
25,67,ok,0.019410202279686928,2.671302080154419,"{""batch_size"": 64, ""dense1"": 64, ""dense2"": 64, ""dropout"": 0.2, ""grad_clip"": 1.0, ""hidden_gru"": 128, ""hidden_lstm"": 128, ""lr"": 0.0005, ""weight_decay"": 1e-06}",,128,128,64,64,0.2,0.0005,1e-06,64,1.0
26,68,ok,0.019246336072683334,2.7101714611053467,"{""batch_size"": 128, ""dense1"": 64, ""dense2"": 64, ""dropout"": 0.2, ""grad_clip"": 1.0, ""hidden_gru"": 128, ""hidden_lstm"": 128, ""lr"": 0.0005, ""weight_decay"": 1e-06}",,128,128,64,64,0.2,0.0005,1e-06,128,1.0
27,69,ok,0.01896134577691555,2.1023519039154053,"{""batch_size"": 64, ""dense1"": 64, ""dense2"": 64, ""dropout"": 0.2, ""grad_clip"": 1.0, ""hidden_gru"": 128, ""hidden_lstm"": 128, ""lr"": 0.0005, ""weight_decay"": 0.0001}",,128,128,64,64,0.2,0.0005,0.0001,64,1.0
28,70,ok,0.019293179735541344,3.485250234603882,"{""batch_size"": 128, ""dense1"": 64, ""dense2"": 64, ""dropout"": 0.2, ""grad_clip"": 1.0, ""hidden_gru"": 128, ""hidden_lstm"": 128, ""lr"": 0.0005, ""weight_decay"": 0.0001}",,128,128,64,64,0.2,0.0005,0.0001,128,1.0
29,71,ok,0.019375015050172806,1.9075961112976074,"{""batch_size"": 64, ""dense1"": 64, ""dense2"": 64, ""dropout"": 0.2, ""grad_clip"": 1.0, ""hidden_gru"": 128, ""hidden_lstm"": 128, ""lr"": 0.001, ""weight_decay"": 1e-06}",,128,128,64,64,0.2,0.001,1e-06,64,1.0
30,72,ok,0.019281910732388496,1.7446484565734863,"{""batch_size"": 128, ""dense1"": 64, ""dense2"": 64, ""dropout"": 0.2, ""grad_clip"": 1.0, ""hidden_gru"": 128, ""hidden_lstm"": 128, ""lr"": 0.001, ""weight_decay"": 1e-06}",,128,128,64,64,0.2,0.001,1e-06,128,1.0
31,73,ok,0.0192412156611681,2.593013048171997,"{""batch_size"": 64, ""dense1"": 64, ""dense2"": 64, ""dropout"": 0.2, ""grad_clip"": 1.0, ""hidden_gru"": 128, ""hidden_lstm"": 128, ""lr"": 0.001, ""weight_decay"": 0.0001}",,128,128,64,64,0.2,0.001,0.0001,64,1.0
32,74,ok,0.01924814283847809,1.95371675491333,"{""batch_size"": 128, ""dense1"": 64, ""dense2"": 64, ""dropout"": 0.2, ""grad_clip"": 1.0, ""hidden_gru"": 128, ""hidden_lstm"": 128, ""lr"": 0.001, ""weight_decay"": 0.0001}",,128,128,64,64,0.2,0.001,0.0001,128,1.0
33,75,ok,0.019760841503739357,2.5082380771636963,"{""batch_size"": 64, ""dense1"": 128, ""dense2"": 32, ""dropout"": 0.0, ""grad_clip"": 1.0, ""hidden_gru"": 128, ""hidden_lstm"": 128, ""lr"": 0.0005, ""weight_decay"": 1e-06}",,128,128,128,32,0.0,0.0005,1e-06,64,1.0
34,76,ok,0.019807521253824234,2.346895694732666,"{""batch_size"": 128, ""dense1"": 128, ""dense2"": 32, ""dropout"": 0.0, ""grad_clip"": 1.0, ""hidden_gru"": 128, ""hidden_lstm"": 128, ""lr"": 0.0005, ""weight_decay"": 1e-06}",,128,128,128,32,0.0,0.0005,1e-06,128,1.0
35,77,ok,0.019151827320456505,1.966566562652588,"{""batch_size"": 64, ""dense1"": 128, ""dense2"": 32, ""dropout"": 0.0, ""grad_clip"": 1.0, ""hidden_gru"": 128, ""hidden_lstm"": 128, ""lr"": 0.0005, ""weight_decay"": 0.0001}",,128,128,128,32,0.0,0.0005,0.0001,64,1.0
36,78,ok,0.01970229670405388,1.9525303840637207,"{""batch_size"": 128, ""dense1"": 128, ""dense2"": 32, ""dropout"": 0.0, ""grad_clip"": 1.0, ""hidden_gru"": 128, ""hidden_lstm"": 128, ""lr"": 0.0005, ""weight_decay"": 0.0001}",,128,128,128,32,0.0,0.0005,0.0001,128,1.0
37,79,ok,0.019902780652046204,2.149693012237549,"{""batch_size"": 64, ""dense1"": 128, ""dense2"": 32, ""dropout"": 0.0, ""grad_clip"": 1.0, ""hidden_gru"": 128, ""hidden_lstm"": 128, ""lr"": 0.001, ""weight_decay"": 1e-06}",,128,128,128,32,0.0,0.001,1e-06,64,1.0
38,80,ok,0.01963665895164013,1.9397783279418945,"{""batch_size"": 128, ""dense1"": 128, ""dense2"": 32, ""dropout"": 0.0, ""grad_clip"": 1.0, ""hidden_gru"": 128, ""hidden_lstm"": 128, ""lr"": 0.001, ""weight_decay"": 1e-06}",,128,128,128,32,0.0,0.001,1e-06,128,1.0
39,81,ok,0.019486529752612114,2.0453765392303467,"{""batch_size"": 64, ""dense1"": 128, ""dense2"": 32, ""dropout"": 0.0, ""grad_clip"": 1.0, ""hidden_gru"": 128, ""hidden_lstm"": 128, ""lr"": 0.001, ""weight_decay"": 0.0001}",,128,128,128,32,0.0,0.001,0.0001,64,1.0
40,82,ok,0.019678927958011627,2.145419120788574,"{""batch_size"": 128, ""dense1"": 128, ""dense2"": 32, ""dropout"": 0.0, ""grad_clip"": 1.0, ""hidden_gru"": 128, ""hidden_lstm"": 128, ""lr"": 0.001, ""weight_decay"": 0.0001}",,128,128,128,32,0.0,0.001,0.0001,128,1.0
41,83,ok,0.020253948867321014,2.1830480098724365,"{""batch_size"": 64, ""dense1"": 128, ""dense2"": 32, ""dropout"": 0.2, ""grad_clip"": 1.0, ""hidden_gru"": 128, ""hidden_lstm"": 128, ""lr"": 0.0005, ""weight_decay"": 1e-06}",,128,128,128,32,0.2,0.0005,1e-06,64,1.0
42,84,ok,0.019176742061972618,3.130176067352295,"{""batch_size"": 128, ""dense1"": 128, ""dense2"": 32, ""dropout"": 0.2, ""grad_clip"": 1.0, ""hidden_gru"": 128, ""hidden_lstm"": 128, ""lr"": 0.0005, ""weight_decay"": 1e-06}",,128,128,128,32,0.2,0.0005,1e-06,128,1.0
43,85,ok,0.020028885453939438,3.321942090988159,"{""batch_size"": 64, ""dense1"": 128, ""dense2"": 32, ""dropout"": 0.2, ""grad_clip"": 1.0, ""hidden_gru"": 128, ""hidden_lstm"": 128, ""lr"": 0.0005, ""weight_decay"": 0.0001}",,128,128,128,32,0.2,0.0005,0.0001,64,1.0
44,86,ok,0.020518992096185684,3.114464044570923,"{""batch_size"": 128, ""dense1"": 128, ""dense2"": 32, ""dropout"": 0.2, ""grad_clip"": 1.0, ""hidden_gru"": 128, ""hidden_lstm"": 128, ""lr"": 0.0005, ""weight_decay"": 0.0001}",,128,128,128,32,0.2,0.0005,0.0001,128,1.0
45,87,ok,0.019640425220131874,3.026926040649414,"{""batch_size"": 64, ""dense1"": 128, ""dense2"": 32, ""dropout"": 0.2, ""grad_clip"": 1.0, ""hidden_gru"": 128, ""hidden_lstm"": 128, ""lr"": 0.001, ""weight_decay"": 1e-06}",,128,128,128,32,0.2,0.001,1e-06,64,1.0
46,88,ok,0.01949331909418106,2.1587867736816406,"{""batch_size"": 128, ""dense1"": 128, ""dense2"": 32, ""dropout"": 0.2, ""grad_clip"": 1.0, ""hidden_gru"": 128, ""hidden_lstm"": 128, ""lr"": 0.001, ""weight_decay"": 1e-06}",,128,128,128,32,0.2,0.001,1e-06,128,1.0
47,89,ok,0.019309336319565773,2.3542122840881348,"{""batch_size"": 64, ""dense1"": 128, ""dense2"": 32, ""dropout"": 0.2, ""grad_clip"": 1.0, ""hidden_gru"": 128, ""hidden_lstm"": 128, ""lr"": 0.001, ""weight_decay"": 0.0001}",,128,128,128,32,0.2,0.001,0.0001,64,1.0
48,90,ok,0.01978028565645218,2.3586881160736084,"{""batch_size"": 128, ""dense1"": 128, ""dense2"": 32, ""dropout"": 0.2, ""grad_clip"": 1.0, ""hidden_gru"": 128, ""hidden_lstm"": 128, ""lr"": 0.001, ""weight_decay"": 0.0001}",,128,128,128,32,0.2,0.001,0.0001,128,1.0
49,91,ok,0.01965881511569023,1.8066463470458984,"{""batch_size"": 64, ""dense1"": 128, ""dense2"": 64, ""dropout"": 0.0, ""grad_clip"": 1.0, ""hidden_gru"": 128, ""hidden_lstm"": 128, ""lr"": 0.0005, ""weight_decay"": 1e-06}",,128,128,128,64,0.0,0.0005,1e-06,64,1.0
50,92,ok,0.01950087584555149,2.1471383571624756,"{""batch_size"": 128, ""dense1"": 128, ""dense2"": 64, ""dropout"": 0.0, ""grad_clip"": 1.0, ""hidden_gru"": 128, ""hidden_lstm"": 128, ""lr"": 0.0005, ""weight_decay"": 1e-06}",,128,128,128,64,0.0,0.0005,1e-06,128,1.0
51,93,ok,0.02022467739880085,2.927494764328003,"{""batch_size"": 64, ""dense1"": 128, ""dense2"": 64, ""dropout"": 0.0, ""grad_clip"": 1.0, ""hidden_gru"": 128, ""hidden_lstm"": 128, ""lr"": 0.0005, ""weight_decay"": 0.0001}",,128,128,128,64,0.0,0.0005,0.0001,64,1.0
52,94,ok,0.019392598420381546,1.75093674659729,"{""batch_size"": 128, ""dense1"": 128, ""dense2"": 64, ""dropout"": 0.0, ""grad_clip"": 1.0, ""hidden_gru"": 128, ""hidden_lstm"": 128, ""lr"": 0.0005, ""weight_decay"": 0.0001}",,128,128,128,64,0.0,0.0005,0.0001,128,1.0
53,95,ok,0.019647639244794846,2.135679244995117,"{""batch_size"": 64, ""dense1"": 128, ""dense2"": 64, ""dropout"": 0.0, ""grad_clip"": 1.0, ""hidden_gru"": 128, ""hidden_lstm"": 128, ""lr"": 0.001, ""weight_decay"": 1e-06}",,128,128,128,64,0.0,0.001,1e-06,64,1.0
54,96,ok,0.019414423033595085,2.1436145305633545,"{""batch_size"": 128, ""dense1"": 128, ""dense2"": 64, ""dropout"": 0.0, ""grad_clip"": 1.0, ""hidden_gru"": 128, ""hidden_lstm"": 128, ""lr"": 0.001, ""weight_decay"": 1e-06}",,128,128,128,64,0.0,0.001,1e-06,128,1.0
55,97,ok,0.01963481679558754,2.203834295272827,"{""batch_size"": 64, ""dense1"": 128, ""dense2"": 64, ""dropout"": 0.0, ""grad_clip"": 1.0, ""hidden_gru"": 128, ""hidden_lstm"": 128, ""lr"": 0.001, ""weight_decay"": 0.0001}",,128,128,128,64,0.0,0.001,0.0001,64,1.0
56,98,ok,0.01968323066830635,2.1429271697998047,"{""batch_size"": 128, ""dense1"": 128, ""dense2"": 64, ""dropout"": 0.0, ""grad_clip"": 1.0, ""hidden_gru"": 128, ""hidden_lstm"": 128, ""lr"": 0.001, ""weight_decay"": 0.0001}",,128,128,128,64,0.0,0.001,0.0001,128,1.0
57,99,ok,0.01958603598177433,3.5668931007385254,"{""batch_size"": 64, ""dense1"": 128, ""dense2"": 64, ""dropout"": 0.2, ""grad_clip"": 1.0, ""hidden_gru"": 128, ""hidden_lstm"": 128, ""lr"": 0.0005, ""weight_decay"": 1e-06}",,128,128,128,64,0.2,0.0005,1e-06,64,1.0
58,100,ok,0.019428160041570663,2.3354806900024414,"{""batch_size"": 128, ""dense1"": 128, ""dense2"": 64, ""dropout"": 0.2, ""grad_clip"": 1.0, ""hidden_gru"": 128, ""hidden_lstm"": 128, ""lr"": 0.0005, ""weight_decay"": 1e-06}",,128,128,128,64,0.2,0.0005,1e-06,128,1.0
59,101,ok,0.01922670193016529,2.417602777481079,"{""batch_size"": 64, ""dense1"": 128, ""dense2"": 64, ""dropout"": 0.2, ""grad_clip"": 1.0, ""hidden_gru"": 128, ""hidden_lstm"": 128, ""lr"": 0.0005, ""weight_decay"": 0.0001}",,128,128,128,64,0.2,0.0005,0.0001,64,1.0
60,102,ok,0.019532648846507072,1.7569396495819092,"{""batch_size"": 128, ""dense1"": 128, ""dense2"": 64, ""dropout"": 0.2, ""grad_clip"": 1.0, ""hidden_gru"": 128, ""hidden_lstm"": 128, ""lr"": 0.0005, ""weight_decay"": 0.0001}",,128,128,128,64,0.2,0.0005,0.0001,128,1.0
61,103,ok,0.01986035518348217,2.2509336471557617,"{""batch_size"": 64, ""dense1"": 128, ""dense2"": 64, ""dropout"": 0.2, ""grad_clip"": 1.0, ""hidden_gru"": 128, ""hidden_lstm"": 128, ""lr"": 0.001, ""weight_decay"": 1e-06}",,128,128,128,64,0.2,0.001,1e-06,64,1.0
62,104,ok,0.01932096667587757,2.735093593597412,"{""batch_size"": 128, ""dense1"": 128, ""dense2"": 64, ""dropout"": 0.2, ""grad_clip"": 1.0, ""hidden_gru"": 128, ""hidden_lstm"": 128, ""lr"": 0.001, ""weight_decay"": 1e-06}",,128,128,128,64,0.2,0.001,1e-06,128,1.0
63,105,ok,0.019209474325180054,2.2950661182403564,"{""batch_size"": 64, ""dense1"": 128, ""dense2"": 64, ""dropout"": 0.2, ""grad_clip"": 1.0, ""hidden_gru"": 128, ""hidden_lstm"": 128, ""lr"": 0.001, ""weight_decay"": 0.0001}",,128,128,128,64,0.2,0.001,0.0001,64,1.0
64,106,ok,0.0196390263736248,1.9512734413146973,"{""batch_size"": 128, ""dense1"": 128, ""dense2"": 64, ""dropout"": 0.2, ""grad_clip"": 1.0, ""hidden_gru"": 128, ""hidden_lstm"": 128, ""lr"": 0.001, ""weight_decay"": 0.0001}",,128,128,128,64,0.2,0.001,0.0001,128,1.0
65,107,ok,0.020107949152588844,3.409247875213623,"{""batch_size"": 64, ""dense1"": 64, ""dense2"": 32, ""dropout"": 0.0, ""grad_clip"": 1.0, ""hidden_gru"": 256, ""hidden_lstm"": 128, ""lr"": 0.0005, ""weight_decay"": 1e-06}",,128,256,64,32,0.0,0.0005,1e-06,64,1.0
66,108,ok,0.01981201209127903,3.364799976348877,"{""batch_size"": 128, ""dense1"": 64, ""dense2"": 32, ""dropout"": 0.0, ""grad_clip"": 1.0, ""hidden_gru"": 256, ""hidden_lstm"": 128, ""lr"": 0.0005, ""weight_decay"": 1e-06}",,128,256,64,32,0.0,0.0005,1e-06,128,1.0
67,109,ok,0.019136207178235054,2.9427433013916016,"{""batch_size"": 64, ""dense1"": 64, ""dense2"": 32, ""dropout"": 0.0, ""grad_clip"": 1.0, ""hidden_gru"": 256, ""hidden_lstm"": 128, ""lr"": 0.0005, ""weight_decay"": 0.0001}",,128,256,64,32,0.0,0.0005,0.0001,64,1.0
68,110,ok,0.019235704094171524,4.048664569854736,"{""batch_size"": 128, ""dense1"": 64, ""dense2"": 32, ""dropout"": 0.0, ""grad_clip"": 1.0, ""hidden_gru"": 256, ""hidden_lstm"": 128, ""lr"": 0.0005, ""weight_decay"": 0.0001}",,128,256,64,32,0.0,0.0005,0.0001,128,1.0
69,111,ok,0.019139224663376808,2.951202869415283,"{""batch_size"": 64, ""dense1"": 64, ""dense2"": 32, ""dropout"": 0.0, ""grad_clip"": 1.0, ""hidden_gru"": 256, ""hidden_lstm"": 128, ""lr"": 0.001, ""weight_decay"": 1e-06}",,128,256,64,32,0.0,0.001,1e-06,64,1.0
70,112,ok,0.01921003684401512,3.018688917160034,"{""batch_size"": 128, ""dense1"": 64, ""dense2"": 32, ""dropout"": 0.0, ""grad_clip"": 1.0, ""hidden_gru"": 256, ""hidden_lstm"": 128, ""lr"": 0.001, ""weight_decay"": 1e-06}",,128,256,64,32,0.0,0.001,1e-06,128,1.0
71,113,ok,0.019702786579728127,3.644102096557617,"{""batch_size"": 64, ""dense1"": 64, ""dense2"": 32, ""dropout"": 0.0, ""grad_clip"": 1.0, ""hidden_gru"": 256, ""hidden_lstm"": 128, ""lr"": 0.001, ""weight_decay"": 0.0001}",,128,256,64,32,0.0,0.001,0.0001,64,1.0
72,114,ok,0.01960049755871296,3.686127185821533,"{""batch_size"": 128, ""dense1"": 64, ""dense2"": 32, ""dropout"": 0.0, ""grad_clip"": 1.0, ""hidden_gru"": 256, ""hidden_lstm"": 128, ""lr"": 0.001, ""weight_decay"": 0.0001}",,128,256,64,32,0.0,0.001,0.0001,128,1.0
73,115,ok,0.019390428438782692,3.009073495864868,"{""batch_size"": 64, ""dense1"": 64, ""dense2"": 32, ""dropout"": 0.2, ""grad_clip"": 1.0, ""hidden_gru"": 256, ""hidden_lstm"": 128, ""lr"": 0.0005, ""weight_decay"": 1e-06}",,128,256,64,32,0.2,0.0005,1e-06,64,1.0
74,116,ok,0.019061077386140823,3.706303596496582,"{""batch_size"": 128, ""dense1"": 64, ""dense2"": 32, ""dropout"": 0.2, ""grad_clip"": 1.0, ""hidden_gru"": 256, ""hidden_lstm"": 128, ""lr"": 0.0005, ""weight_decay"": 1e-06}",,128,256,64,32,0.2,0.0005,1e-06,128,1.0
75,117,ok,0.019346341490745544,3.3148274421691895,"{""batch_size"": 64, ""dense1"": 64, ""dense2"": 32, ""dropout"": 0.2, ""grad_clip"": 1.0, ""hidden_gru"": 256, ""hidden_lstm"": 128, ""lr"": 0.0005, ""weight_decay"": 0.0001}",,128,256,64,32,0.2,0.0005,0.0001,64,1.0
76,118,ok,0.01917371340095997,3.0226492881774902,"{""batch_size"": 128, ""dense1"": 64, ""dense2"": 32, ""dropout"": 0.2, ""grad_clip"": 1.0, ""hidden_gru"": 256, ""hidden_lstm"": 128, ""lr"": 0.0005, ""weight_decay"": 0.0001}",,128,256,64,32,0.2,0.0005,0.0001,128,1.0
77,119,ok,0.020116738975048065,3.4340360164642334,"{""batch_size"": 64, ""dense1"": 64, ""dense2"": 32, ""dropout"": 0.2, ""grad_clip"": 1.0, ""hidden_gru"": 256, ""hidden_lstm"": 128, ""lr"": 0.001, ""weight_decay"": 1e-06}",,128,256,64,32,0.2,0.001,1e-06,64,1.0
78,120,ok,0.019562533125281334,3.699303388595581,"{""batch_size"": 128, ""dense1"": 64, ""dense2"": 32, ""dropout"": 0.2, ""grad_clip"": 1.0, ""hidden_gru"": 256, ""hidden_lstm"": 128, ""lr"": 0.001, ""weight_decay"": 1e-06}",,128,256,64,32,0.2,0.001,1e-06,128,1.0
79,121,ok,0.019362853839993477,4.063634872436523,"{""batch_size"": 64, ""dense1"": 64, ""dense2"": 32, ""dropout"": 0.2, ""grad_clip"": 1.0, ""hidden_gru"": 256, ""hidden_lstm"": 128, ""lr"": 0.001, ""weight_decay"": 0.0001}",,128,256,64,32,0.2,0.001,0.0001,64,1.0
80,122,ok,0.01909850910305977,3.7028582096099854,"{""batch_size"": 128, ""dense1"": 64, ""dense2"": 32, ""dropout"": 0.2, ""grad_clip"": 1.0, ""hidden_gru"": 256, ""hidden_lstm"": 128, ""lr"": 0.001, ""weight_decay"": 0.0001}",,128,256,64,32,0.2,0.001,0.0001,128,1.0
81,123,ok,0.019770439714193344,3.389333724975586,"{""batch_size"": 64, ""dense1"": 64, ""dense2"": 64, ""dropout"": 0.0, ""grad_clip"": 1.0, ""hidden_gru"": 256, ""hidden_lstm"": 128, ""lr"": 0.0005, ""weight_decay"": 1e-06}",,128,256,64,64,0.0,0.0005,1e-06,64,1.0
82,124,ok,0.01970233954489231,2.694521188735962,"{""batch_size"": 128, ""dense1"": 64, ""dense2"": 64, ""dropout"": 0.0, ""grad_clip"": 1.0, ""hidden_gru"": 256, ""hidden_lstm"": 128, ""lr"": 0.0005, ""weight_decay"": 1e-06}",,128,256,64,64,0.0,0.0005,1e-06,128,1.0
83,125,ok,0.01948966458439827,3.7523341178894043,"{""batch_size"": 64, ""dense1"": 64, ""dense2"": 64, ""dropout"": 0.0, ""grad_clip"": 1.0, ""hidden_gru"": 256, ""hidden_lstm"": 128, ""lr"": 0.0005, ""weight_decay"": 0.0001}",,128,256,64,64,0.0,0.0005,0.0001,64,1.0
84,126,ok,0.020070474594831467,3.6971709728240967,"{""batch_size"": 128, ""dense1"": 64, ""dense2"": 64, ""dropout"": 0.0, ""grad_clip"": 1.0, ""hidden_gru"": 256, ""hidden_lstm"": 128, ""lr"": 0.0005, ""weight_decay"": 0.0001}",,128,256,64,64,0.0,0.0005,0.0001,128,1.0
85,127,ok,0.01989404484629631,2.9436187744140625,"{""batch_size"": 64, ""dense1"": 64, ""dense2"": 64, ""dropout"": 0.0, ""grad_clip"": 1.0, ""hidden_gru"": 256, ""hidden_lstm"": 128, ""lr"": 0.001, ""weight_decay"": 1e-06}",,128,256,64,64,0.0,0.001,1e-06,64,1.0
86,128,ok,0.01924915611743927,3.0275938510894775,"{""batch_size"": 128, ""dense1"": 64, ""dense2"": 64, ""dropout"": 0.0, ""grad_clip"": 1.0, ""hidden_gru"": 256, ""hidden_lstm"": 128, ""lr"": 0.001, ""weight_decay"": 1e-06}",,128,256,64,64,0.0,0.001,1e-06,128,1.0
87,129,ok,0.01948770135641098,3.3658344745635986,"{""batch_size"": 64, ""dense1"": 64, ""dense2"": 64, ""dropout"": 0.0, ""grad_clip"": 1.0, ""hidden_gru"": 256, ""hidden_lstm"": 128, ""lr"": 0.001, ""weight_decay"": 0.0001}",,128,256,64,64,0.0,0.001,0.0001,64,1.0
88,130,ok,0.019253987818956375,2.701258897781372,"{""batch_size"": 128, ""dense1"": 64, ""dense2"": 64, ""dropout"": 0.0, ""grad_clip"": 1.0, ""hidden_gru"": 256, ""hidden_lstm"": 128, ""lr"": 0.001, ""weight_decay"": 0.0001}",,128,256,64,64,0.0,0.001,0.0001,128,1.0
89,131,ok,0.019392654299736023,3.7024991512298584,"{""batch_size"": 64, ""dense1"": 64, ""dense2"": 64, ""dropout"": 0.2, ""grad_clip"": 1.0, ""hidden_gru"": 256, ""hidden_lstm"": 128, ""lr"": 0.0005, ""weight_decay"": 1e-06}",,128,256,64,64,0.2,0.0005,1e-06,64,1.0
90,132,ok,0.019625797867774963,4.388167381286621,"{""batch_size"": 128, ""dense1"": 64, ""dense2"": 64, ""dropout"": 0.2, ""grad_clip"": 1.0, ""hidden_gru"": 256, ""hidden_lstm"": 128, ""lr"": 0.0005, ""weight_decay"": 1e-06}",,128,256,64,64,0.2,0.0005,1e-06,128,1.0
91,133,ok,0.01922697201371193,3.7708420753479004,"{""batch_size"": 64, ""dense1"": 64, ""dense2"": 64, ""dropout"": 0.2, ""grad_clip"": 1.0, ""hidden_gru"": 256, ""hidden_lstm"": 128, ""lr"": 0.0005, ""weight_decay"": 0.0001}",,128,256,64,64,0.2,0.0005,0.0001,64,1.0
92,134,ok,0.019705208018422127,4.064014911651611,"{""batch_size"": 128, ""dense1"": 64, ""dense2"": 64, ""dropout"": 0.2, ""grad_clip"": 1.0, ""hidden_gru"": 256, ""hidden_lstm"": 128, ""lr"": 0.0005, ""weight_decay"": 0.0001}",,128,256,64,64,0.2,0.0005,0.0001,128,1.0
93,135,ok,0.019299542531371117,4.083577871322632,"{""batch_size"": 64, ""dense1"": 64, ""dense2"": 64, ""dropout"": 0.2, ""grad_clip"": 1.0, ""hidden_gru"": 256, ""hidden_lstm"": 128, ""lr"": 0.001, ""weight_decay"": 1e-06}",,128,256,64,64,0.2,0.001,1e-06,64,1.0
94,136,ok,0.019493738189339638,4.049481391906738,"{""batch_size"": 128, ""dense1"": 64, ""dense2"": 64, ""dropout"": 0.2, ""grad_clip"": 1.0, ""hidden_gru"": 256, ""hidden_lstm"": 128, ""lr"": 0.001, ""weight_decay"": 1e-06}",,128,256,64,64,0.2,0.001,1e-06,128,1.0
95,137,ok,0.01953183114528656,3.3246021270751953,"{""batch_size"": 64, ""dense1"": 64, ""dense2"": 64, ""dropout"": 0.2, ""grad_clip"": 1.0, ""hidden_gru"": 256, ""hidden_lstm"": 128, ""lr"": 0.001, ""weight_decay"": 0.0001}",,128,256,64,64,0.2,0.001,0.0001,64,1.0
96,138,ok,0.01926165074110031,3.340482234954834,"{""batch_size"": 128, ""dense1"": 64, ""dense2"": 64, ""dropout"": 0.2, ""grad_clip"": 1.0, ""hidden_gru"": 256, ""hidden_lstm"": 128, ""lr"": 0.001, ""weight_decay"": 0.0001}",,128,256,64,64,0.2,0.001,0.0001,128,1.0
97,139,ok,0.020296579226851463,3.7969279289245605,"{""batch_size"": 64, ""dense1"": 128, ""dense2"": 32, ""dropout"": 0.0, ""grad_clip"": 1.0, ""hidden_gru"": 256, ""hidden_lstm"": 128, ""lr"": 0.0005, ""weight_decay"": 1e-06}",,128,256,128,32,0.0,0.0005,1e-06,64,1.0
98,140,ok,0.019416170194745064,3.03877592086792,"{""batch_size"": 128, ""dense1"": 128, ""dense2"": 32, ""dropout"": 0.0, ""grad_clip"": 1.0, ""hidden_gru"": 256, ""hidden_lstm"": 128, ""lr"": 0.0005, ""weight_decay"": 1e-06}",,128,256,128,32,0.0,0.0005,1e-06,128,1.0
99,141,ok,0.019193407148122787,3.711865186691284,"{""batch_size"": 64, ""dense1"": 128, ""dense2"": 32, ""dropout"": 0.0, ""grad_clip"": 1.0, ""hidden_gru"": 256, ""hidden_lstm"": 128, ""lr"": 0.0005, ""weight_decay"": 0.0001}",,128,256,128,32,0.0,0.0005,0.0001,64,1.0
100,142,ok,0.019890423864126205,3.7181975841522217,"{""batch_size"": 128, ""dense1"": 128, ""dense2"": 32, ""dropout"": 0.0, ""grad_clip"": 1.0, ""hidden_gru"": 256, ""hidden_lstm"": 128, ""lr"": 0.0005, ""weight_decay"": 0.0001}",,128,256,128,32,0.0,0.0005,0.0001,128,1.0
101,143,ok,0.019616123288869858,3.4444234371185303,"{""batch_size"": 64, ""dense1"": 128, ""dense2"": 32, ""dropout"": 0.0, ""grad_clip"": 1.0, ""hidden_gru"": 256, ""hidden_lstm"": 128, ""lr"": 0.001, ""weight_decay"": 1e-06}",,128,256,128,32,0.0,0.001,1e-06,64,1.0
102,144,ok,0.01943853497505188,2.698909044265747,"{""batch_size"": 128, ""dense1"": 128, ""dense2"": 32, ""dropout"": 0.0, ""grad_clip"": 1.0, ""hidden_gru"": 256, ""hidden_lstm"": 128, ""lr"": 0.001, ""weight_decay"": 1e-06}",,128,256,128,32,0.0,0.001,1e-06,128,1.0
103,145,ok,0.019719965755939484,3.0180792808532715,"{""batch_size"": 64, ""dense1"": 128, ""dense2"": 32, ""dropout"": 0.0, ""grad_clip"": 1.0, ""hidden_gru"": 256, ""hidden_lstm"": 128, ""lr"": 0.001, ""weight_decay"": 0.0001}",,128,256,128,32,0.0,0.001,0.0001,64,1.0
104,146,ok,0.019539641216397285,3.3758742809295654,"{""batch_size"": 128, ""dense1"": 128, ""dense2"": 32, ""dropout"": 0.0, ""grad_clip"": 1.0, ""hidden_gru"": 256, ""hidden_lstm"": 128, ""lr"": 0.001, ""weight_decay"": 0.0001}",,128,256,128,32,0.0,0.001,0.0001,128,1.0
105,147,ok,0.019580218940973282,3.8189737796783447,"{""batch_size"": 64, ""dense1"": 128, ""dense2"": 32, ""dropout"": 0.2, ""grad_clip"": 1.0, ""hidden_gru"": 256, ""hidden_lstm"": 128, ""lr"": 0.0005, ""weight_decay"": 1e-06}",,128,256,128,32,0.2,0.0005,1e-06,64,1.0
106,148,ok,0.019552819430828094,3.720249652862549,"{""batch_size"": 128, ""dense1"": 128, ""dense2"": 32, ""dropout"": 0.2, ""grad_clip"": 1.0, ""hidden_gru"": 256, ""hidden_lstm"": 128, ""lr"": 0.0005, ""weight_decay"": 1e-06}",,128,256,128,32,0.2,0.0005,1e-06,128,1.0
107,149,ok,0.019442977383732796,3.7441134452819824,"{""batch_size"": 64, ""dense1"": 128, ""dense2"": 32, ""dropout"": 0.2, ""grad_clip"": 1.0, ""hidden_gru"": 256, ""hidden_lstm"": 128, ""lr"": 0.0005, ""weight_decay"": 0.0001}",,128,256,128,32,0.2,0.0005,0.0001,64,1.0
108,150,ok,0.019727274775505066,4.395879030227661,"{""batch_size"": 128, ""dense1"": 128, ""dense2"": 32, ""dropout"": 0.2, ""grad_clip"": 1.0, ""hidden_gru"": 256, ""hidden_lstm"": 128, ""lr"": 0.0005, ""weight_decay"": 0.0001}",,128,256,128,32,0.2,0.0005,0.0001,128,1.0
109,151,ok,0.019538210704922676,4.112396240234375,"{""batch_size"": 64, ""dense1"": 128, ""dense2"": 32, ""dropout"": 0.2, ""grad_clip"": 1.0, ""hidden_gru"": 256, ""hidden_lstm"": 128, ""lr"": 0.001, ""weight_decay"": 1e-06}",,128,256,128,32,0.2,0.001,1e-06,64,1.0
110,152,ok,0.019836239516735077,3.3666722774505615,"{""batch_size"": 128, ""dense1"": 128, ""dense2"": 32, ""dropout"": 0.2, ""grad_clip"": 1.0, ""hidden_gru"": 256, ""hidden_lstm"": 128, ""lr"": 0.001, ""weight_decay"": 1e-06}",,128,256,128,32,0.2,0.001,1e-06,128,1.0
111,153,ok,0.019565057009458542,2.942857027053833,"{""batch_size"": 64, ""dense1"": 128, ""dense2"": 32, ""dropout"": 0.2, ""grad_clip"": 1.0, ""hidden_gru"": 256, ""hidden_lstm"": 128, ""lr"": 0.001, ""weight_decay"": 0.0001}",,128,256,128,32,0.2,0.001,0.0001,64,1.0
112,154,ok,0.020142575725913048,3.3745534420013428,"{""batch_size"": 128, ""dense1"": 128, ""dense2"": 32, ""dropout"": 0.2, ""grad_clip"": 1.0, ""hidden_gru"": 256, ""hidden_lstm"": 128, ""lr"": 0.001, ""weight_decay"": 0.0001}",,128,256,128,32,0.2,0.001,0.0001,128,1.0
113,155,ok,0.01945091038942337,2.964348793029785,"{""batch_size"": 64, ""dense1"": 128, ""dense2"": 64, ""dropout"": 0.0, ""grad_clip"": 1.0, ""hidden_gru"": 256, ""hidden_lstm"": 128, ""lr"": 0.0005, ""weight_decay"": 1e-06}",,128,256,128,64,0.0,0.0005,1e-06,64,1.0
114,156,ok,0.01943793147802353,3.037465810775757,"{""batch_size"": 128, ""dense1"": 128, ""dense2"": 64, ""dropout"": 0.0, ""grad_clip"": 1.0, ""hidden_gru"": 256, ""hidden_lstm"": 128, ""lr"": 0.0005, ""weight_decay"": 1e-06}",,128,256,128,64,0.0,0.0005,1e-06,128,1.0
115,157,ok,0.01974647305905819,3.7238059043884277,"{""batch_size"": 64, ""dense1"": 128, ""dense2"": 64, ""dropout"": 0.0, ""grad_clip"": 1.0, ""hidden_gru"": 256, ""hidden_lstm"": 128, ""lr"": 0.0005, ""weight_decay"": 0.0001}",,128,256,128,64,0.0,0.0005,0.0001,64,1.0
116,158,ok,0.019801922142505646,3.374117612838745,"{""batch_size"": 128, ""dense1"": 128, ""dense2"": 64, ""dropout"": 0.0, ""grad_clip"": 1.0, ""hidden_gru"": 256, ""hidden_lstm"": 128, ""lr"": 0.0005, ""weight_decay"": 0.0001}",,128,256,128,64,0.0,0.0005,0.0001,128,1.0
117,159,ok,0.01941048726439476,3.3626229763031006,"{""batch_size"": 64, ""dense1"": 128, ""dense2"": 64, ""dropout"": 0.0, ""grad_clip"": 1.0, ""hidden_gru"": 256, ""hidden_lstm"": 128, ""lr"": 0.001, ""weight_decay"": 1e-06}",,128,256,128,64,0.0,0.001,1e-06,64,1.0
118,160,ok,0.019758982583880424,3.0385148525238037,"{""batch_size"": 128, ""dense1"": 128, ""dense2"": 64, ""dropout"": 0.0, ""grad_clip"": 1.0, ""hidden_gru"": 256, ""hidden_lstm"": 128, ""lr"": 0.001, ""weight_decay"": 1e-06}",,128,256,128,64,0.0,0.001,1e-06,128,1.0
119,161,ok,0.01910509169101715,3.509286880493164,"{""batch_size"": 64, ""dense1"": 128, ""dense2"": 64, ""dropout"": 0.0, ""grad_clip"": 1.0, ""hidden_gru"": 256, ""hidden_lstm"": 128, ""lr"": 0.001, ""weight_decay"": 0.0001}",,128,256,128,64,0.0,0.001,0.0001,64,1.0
120,162,ok,0.019773321226239204,3.7040209770202637,"{""batch_size"": 128, ""dense1"": 128, ""dense2"": 64, ""dropout"": 0.0, ""grad_clip"": 1.0, ""hidden_gru"": 256, ""hidden_lstm"": 128, ""lr"": 0.001, ""weight_decay"": 0.0001}",,128,256,128,64,0.0,0.001,0.0001,128,1.0
121,163,ok,0.0190983135253191,2.961426258087158,"{""batch_size"": 64, ""dense1"": 128, ""dense2"": 64, ""dropout"": 0.2, ""grad_clip"": 1.0, ""hidden_gru"": 256, ""hidden_lstm"": 128, ""lr"": 0.0005, ""weight_decay"": 1e-06}",,128,256,128,64,0.2,0.0005,1e-06,64,1.0
122,164,ok,0.019334489479660988,4.071093559265137,"{""batch_size"": 128, ""dense1"": 128, ""dense2"": 64, ""dropout"": 0.2, ""grad_clip"": 1.0, ""hidden_gru"": 256, ""hidden_lstm"": 128, ""lr"": 0.0005, ""weight_decay"": 1e-06}",,128,256,128,64,0.2,0.0005,1e-06,128,1.0
123,165,ok,0.019088275730609894,3.6864640712738037,"{""batch_size"": 64, ""dense1"": 128, ""dense2"": 64, ""dropout"": 0.2, ""grad_clip"": 1.0, ""hidden_gru"": 256, ""hidden_lstm"": 128, ""lr"": 0.0005, ""weight_decay"": 0.0001}",,128,256,128,64,0.2,0.0005,0.0001,64,1.0
124,166,ok,0.019324662163853645,3.3888890743255615,"{""batch_size"": 128, ""dense1"": 128, ""dense2"": 64, ""dropout"": 0.2, ""grad_clip"": 1.0, ""hidden_gru"": 256, ""hidden_lstm"": 128, ""lr"": 0.0005, ""weight_decay"": 0.0001}",,128,256,128,64,0.2,0.0005,0.0001,128,1.0
125,167,ok,0.019382884725928307,4.085993528366089,"{""batch_size"": 64, ""dense1"": 128, ""dense2"": 64, ""dropout"": 0.2, ""grad_clip"": 1.0, ""hidden_gru"": 256, ""hidden_lstm"": 128, ""lr"": 0.001, ""weight_decay"": 1e-06}",,128,256,128,64,0.2,0.001,1e-06,64,1.0
126,168,ok,0.019287103787064552,3.0314128398895264,"{""batch_size"": 128, ""dense1"": 128, ""dense2"": 64, ""dropout"": 0.2, ""grad_clip"": 1.0, ""hidden_gru"": 256, ""hidden_lstm"": 128, ""lr"": 0.001, ""weight_decay"": 1e-06}",,128,256,128,64,0.2,0.001,1e-06,128,1.0
127,169,ok,0.01972571387887001,3.7863340377807617,"{""batch_size"": 64, ""dense1"": 128, ""dense2"": 64, ""dropout"": 0.2, ""grad_clip"": 1.0, ""hidden_gru"": 256, ""hidden_lstm"": 128, ""lr"": 0.001, ""weight_decay"": 0.0001}",,128,256,128,64,0.2,0.001,0.0001,64,1.0
128,170,ok,0.01942901872098446,3.0490686893463135,"{""batch_size"": 128, ""dense1"": 128, ""dense2"": 64, ""dropout"": 0.2, ""grad_clip"": 1.0, ""hidden_gru"": 256, ""hidden_lstm"": 128, ""lr"": 0.001, ""weight_decay"": 0.0001}",,128,256,128,64,0.2,0.001,0.0001,128,1.0
129,171,ok,0.01968051679432392,3.2894623279571533,"{""batch_size"": 64, ""dense1"": 64, ""dense2"": 32, ""dropout"": 0.0, ""grad_clip"": 1.0, ""hidden_gru"": 128, ""hidden_lstm"": 256, ""lr"": 0.0005, ""weight_decay"": 1e-06}",,256,128,64,32,0.0,0.0005,1e-06,64,1.0
130,172,ok,0.019591981545090675,2.9189841747283936,"{""batch_size"": 128, ""dense1"": 64, ""dense2"": 32, ""dropout"": 0.0, ""grad_clip"": 1.0, ""hidden_gru"": 128, ""hidden_lstm"": 256, ""lr"": 0.0005, ""weight_decay"": 1e-06}",,256,128,64,32,0.0,0.0005,1e-06,128,1.0
131,173,ok,0.019742131233215332,4.060991525650024,"{""batch_size"": 64, ""dense1"": 64, ""dense2"": 32, ""dropout"": 0.0, ""grad_clip"": 1.0, ""hidden_gru"": 128, ""hidden_lstm"": 256, ""lr"": 0.0005, ""weight_decay"": 0.0001}",,256,128,64,32,0.0,0.0005,0.0001,64,1.0
132,174,ok,0.019990956410765648,3.644956350326538,"{""batch_size"": 128, ""dense1"": 64, ""dense2"": 32, ""dropout"": 0.0, ""grad_clip"": 1.0, ""hidden_gru"": 128, ""hidden_lstm"": 256, ""lr"": 0.0005, ""weight_decay"": 0.0001}",,256,128,64,32,0.0,0.0005,0.0001,128,1.0
133,175,ok,0.019542234018445015,3.7202401161193848,"{""batch_size"": 64, ""dense1"": 64, ""dense2"": 32, ""dropout"": 0.0, ""grad_clip"": 1.0, ""hidden_gru"": 128, ""hidden_lstm"": 256, ""lr"": 0.001, ""weight_decay"": 1e-06}",,256,128,64,32,0.0,0.001,1e-06,64,1.0
134,176,ok,0.0197247713804245,3.2718091011047363,"{""batch_size"": 128, ""dense1"": 64, ""dense2"": 32, ""dropout"": 0.0, ""grad_clip"": 1.0, ""hidden_gru"": 128, ""hidden_lstm"": 256, ""lr"": 0.001, ""weight_decay"": 1e-06}",,256,128,64,32,0.0,0.001,1e-06,128,1.0
135,177,ok,0.019733615219593048,3.672339916229248,"{""batch_size"": 64, ""dense1"": 64, ""dense2"": 32, ""dropout"": 0.0, ""grad_clip"": 1.0, ""hidden_gru"": 128, ""hidden_lstm"": 256, ""lr"": 0.001, ""weight_decay"": 0.0001}",,256,128,64,32,0.0,0.001,0.0001,64,1.0
136,178,ok,0.02006823569536209,3.654303789138794,"{""batch_size"": 128, ""dense1"": 64, ""dense2"": 32, ""dropout"": 0.0, ""grad_clip"": 1.0, ""hidden_gru"": 128, ""hidden_lstm"": 256, ""lr"": 0.001, ""weight_decay"": 0.0001}",,256,128,64,32,0.0,0.001,0.0001,128,1.0
137,179,ok,0.01955321803689003,5.29457950592041,"{""batch_size"": 64, ""dense1"": 64, ""dense2"": 32, ""dropout"": 0.2, ""grad_clip"": 1.0, ""hidden_gru"": 128, ""hidden_lstm"": 256, ""lr"": 0.0005, ""weight_decay"": 1e-06}",,256,128,64,32,0.2,0.0005,1e-06,64,1.0
138,180,ok,0.019377155229449272,3.6647520065307617,"{""batch_size"": 128, ""dense1"": 64, ""dense2"": 32, ""dropout"": 0.2, ""grad_clip"": 1.0, ""hidden_gru"": 128, ""hidden_lstm"": 256, ""lr"": 0.0005, ""weight_decay"": 1e-06}",,256,128,64,32,0.2,0.0005,1e-06,128,1.0
139,181,ok,0.019601071253418922,5.355687379837036,"{""batch_size"": 64, ""dense1"": 64, ""dense2"": 32, ""dropout"": 0.2, ""grad_clip"": 1.0, ""hidden_gru"": 128, ""hidden_lstm"": 256, ""lr"": 0.0005, ""weight_decay"": 0.0001}",,256,128,64,32,0.2,0.0005,0.0001,64,1.0
140,182,ok,0.019443776458501816,4.020062208175659,"{""batch_size"": 128, ""dense1"": 64, ""dense2"": 32, ""dropout"": 0.2, ""grad_clip"": 1.0, ""hidden_gru"": 128, ""hidden_lstm"": 256, ""lr"": 0.0005, ""weight_decay"": 0.0001}",,256,128,64,32,0.2,0.0005,0.0001,128,1.0
141,183,ok,0.01984170638024807,4.923474550247192,"{""batch_size"": 64, ""dense1"": 64, ""dense2"": 32, ""dropout"": 0.2, ""grad_clip"": 1.0, ""hidden_gru"": 128, ""hidden_lstm"": 256, ""lr"": 0.001, ""weight_decay"": 1e-06}",,256,128,64,32,0.2,0.001,1e-06,64,1.0
142,184,ok,0.020689019933342934,3.305992841720581,"{""batch_size"": 128, ""dense1"": 64, ""dense2"": 32, ""dropout"": 0.2, ""grad_clip"": 1.0, ""hidden_gru"": 128, ""hidden_lstm"": 256, ""lr"": 0.001, ""weight_decay"": 1e-06}",,256,128,64,32,0.2,0.001,1e-06,128,1.0
143,185,ok,0.01942213624715805,3.7027406692504883,"{""batch_size"": 64, ""dense1"": 64, ""dense2"": 32, ""dropout"": 0.2, ""grad_clip"": 1.0, ""hidden_gru"": 128, ""hidden_lstm"": 256, ""lr"": 0.001, ""weight_decay"": 0.0001}",,256,128,64,32,0.2,0.001,0.0001,64,1.0
144,186,ok,0.020157858729362488,4.762861728668213,"{""batch_size"": 128, ""dense1"": 64, ""dense2"": 32, ""dropout"": 0.2, ""grad_clip"": 1.0, ""hidden_gru"": 128, ""hidden_lstm"": 256, ""lr"": 0.001, ""weight_decay"": 0.0001}",,256,128,64,32,0.2,0.001,0.0001,128,1.0
145,187,ok,0.01978578045964241,3.70648193359375,"{""batch_size"": 64, ""dense1"": 64, ""dense2"": 64, ""dropout"": 0.0, ""grad_clip"": 1.0, ""hidden_gru"": 128, ""hidden_lstm"": 256, ""lr"": 0.0005, ""weight_decay"": 1e-06}",,256,128,64,64,0.0,0.0005,1e-06,64,1.0
146,188,ok,0.019680270925164223,4.005207300186157,"{""batch_size"": 128, ""dense1"": 64, ""dense2"": 64, ""dropout"": 0.0, ""grad_clip"": 1.0, ""hidden_gru"": 128, ""hidden_lstm"": 256, ""lr"": 0.0005, ""weight_decay"": 1e-06}",,256,128,64,64,0.0,0.0005,1e-06,128,1.0
147,189,ok,0.020566966384649277,4.53994345664978,"{""batch_size"": 64, ""dense1"": 64, ""dense2"": 64, ""dropout"": 0.0, ""grad_clip"": 1.0, ""hidden_gru"": 128, ""hidden_lstm"": 256, ""lr"": 0.0005, ""weight_decay"": 0.0001}",,256,128,64,64,0.0,0.0005,0.0001,64,1.0
148,190,ok,0.020246058702468872,4.753251314163208,"{""batch_size"": 128, ""dense1"": 64, ""dense2"": 64, ""dropout"": 0.0, ""grad_clip"": 1.0, ""hidden_gru"": 128, ""hidden_lstm"": 256, ""lr"": 0.0005, ""weight_decay"": 0.0001}",,256,128,64,64,0.0,0.0005,0.0001,128,1.0
149,191,ok,0.01959940418601036,3.2796125411987305,"{""batch_size"": 64, ""dense1"": 64, ""dense2"": 64, ""dropout"": 0.0, ""grad_clip"": 1.0, ""hidden_gru"": 128, ""hidden_lstm"": 256, ""lr"": 0.001, ""weight_decay"": 1e-06}",,256,128,64,64,0.0,0.001,1e-06,64,1.0
150,192,ok,0.019397737458348274,3.2893781661987305,"{""batch_size"": 128, ""dense1"": 64, ""dense2"": 64, ""dropout"": 0.0, ""grad_clip"": 1.0, ""hidden_gru"": 128, ""hidden_lstm"": 256, ""lr"": 0.001, ""weight_decay"": 1e-06}",,256,128,64,64,0.0,0.001,1e-06,128,1.0
151,193,ok,0.01943931356072426,3.280653715133667,"{""batch_size"": 64, ""dense1"": 64, ""dense2"": 64, ""dropout"": 0.0, ""grad_clip"": 1.0, ""hidden_gru"": 128, ""hidden_lstm"": 256, ""lr"": 0.001, ""weight_decay"": 0.0001}",,256,128,64,64,0.0,0.001,0.0001,64,1.0
152,194,ok,0.01977165788412094,3.660179376602173,"{""batch_size"": 128, ""dense1"": 64, ""dense2"": 64, ""dropout"": 0.0, ""grad_clip"": 1.0, ""hidden_gru"": 128, ""hidden_lstm"": 256, ""lr"": 0.001, ""weight_decay"": 0.0001}",,256,128,64,64,0.0,0.001,0.0001,128,1.0
153,195,ok,0.019777175039052963,4.508692741394043,"{""batch_size"": 64, ""dense1"": 64, ""dense2"": 64, ""dropout"": 0.2, ""grad_clip"": 1.0, ""hidden_gru"": 128, ""hidden_lstm"": 256, ""lr"": 0.0005, ""weight_decay"": 1e-06}",,256,128,64,64,0.2,0.0005,1e-06,64,1.0
154,196,ok,0.01949523389339447,3.665443181991577,"{""batch_size"": 128, ""dense1"": 64, ""dense2"": 64, ""dropout"": 0.2, ""grad_clip"": 1.0, ""hidden_gru"": 128, ""hidden_lstm"": 256, ""lr"": 0.0005, ""weight_decay"": 1e-06}",,256,128,64,64,0.2,0.0005,1e-06,128,1.0
155,197,ok,0.019557969644665718,3.7111916542053223,"{""batch_size"": 64, ""dense1"": 64, ""dense2"": 64, ""dropout"": 0.2, ""grad_clip"": 1.0, ""hidden_gru"": 128, ""hidden_lstm"": 256, ""lr"": 0.0005, ""weight_decay"": 0.0001}",,256,128,64,64,0.2,0.0005,0.0001,64,1.0
156,198,ok,0.019544627517461777,3.680053234100342,"{""batch_size"": 128, ""dense1"": 64, ""dense2"": 64, ""dropout"": 0.2, ""grad_clip"": 1.0, ""hidden_gru"": 128, ""hidden_lstm"": 256, ""lr"": 0.0005, ""weight_decay"": 0.0001}",,256,128,64,64,0.2,0.0005,0.0001,128,1.0
157,199,ok,0.019409308210015297,4.5159807205200195,"{""batch_size"": 64, ""dense1"": 64, ""dense2"": 64, ""dropout"": 0.2, ""grad_clip"": 1.0, ""hidden_gru"": 128, ""hidden_lstm"": 256, ""lr"": 0.001, ""weight_decay"": 1e-06}",,256,128,64,64,0.2,0.001,1e-06,64,1.0
158,200,ok,0.01933232508599758,3.272188901901245,"{""batch_size"": 128, ""dense1"": 64, ""dense2"": 64, ""dropout"": 0.2, ""grad_clip"": 1.0, ""hidden_gru"": 128, ""hidden_lstm"": 256, ""lr"": 0.001, ""weight_decay"": 1e-06}",,256,128,64,64,0.2,0.001,1e-06,128,1.0
159,201,ok,0.019440701231360435,4.097654819488525,"{""batch_size"": 64, ""dense1"": 64, ""dense2"": 64, ""dropout"": 0.2, ""grad_clip"": 1.0, ""hidden_gru"": 128, ""hidden_lstm"": 256, ""lr"": 0.001, ""weight_decay"": 0.0001}",,256,128,64,64,0.2,0.001,0.0001,64,1.0
160,202,ok,0.019091101363301277,4.008962869644165,"{""batch_size"": 128, ""dense1"": 64, ""dense2"": 64, ""dropout"": 0.2, ""grad_clip"": 1.0, ""hidden_gru"": 128, ""hidden_lstm"": 256, ""lr"": 0.001, ""weight_decay"": 0.0001}",,256,128,64,64,0.2,0.001,0.0001,128,1.0
161,203,ok,0.02013540454208851,4.087598562240601,"{""batch_size"": 64, ""dense1"": 128, ""dense2"": 32, ""dropout"": 0.0, ""grad_clip"": 1.0, ""hidden_gru"": 128, ""hidden_lstm"": 256, ""lr"": 0.0005, ""weight_decay"": 1e-06}",,256,128,128,32,0.0,0.0005,1e-06,64,1.0
162,204,ok,0.019930338487029076,3.6609370708465576,"{""batch_size"": 128, ""dense1"": 128, ""dense2"": 32, ""dropout"": 0.0, ""grad_clip"": 1.0, ""hidden_gru"": 128, ""hidden_lstm"": 256, ""lr"": 0.0005, ""weight_decay"": 1e-06}",,256,128,128,32,0.0,0.0005,1e-06,128,1.0
163,205,ok,0.020114699378609657,4.081130027770996,"{""batch_size"": 64, ""dense1"": 128, ""dense2"": 32, ""dropout"": 0.0, ""grad_clip"": 1.0, ""hidden_gru"": 128, ""hidden_lstm"": 256, ""lr"": 0.0005, ""weight_decay"": 0.0001}",,256,128,128,32,0.0,0.0005,0.0001,64,1.0
164,206,ok,0.020008312538266182,4.021141290664673,"{""batch_size"": 128, ""dense1"": 128, ""dense2"": 32, ""dropout"": 0.0, ""grad_clip"": 1.0, ""hidden_gru"": 128, ""hidden_lstm"": 256, ""lr"": 0.0005, ""weight_decay"": 0.0001}",,256,128,128,32,0.0,0.0005,0.0001,128,1.0
165,207,ok,0.019754864275455475,3.30346417427063,"{""batch_size"": 64, ""dense1"": 128, ""dense2"": 32, ""dropout"": 0.0, ""grad_clip"": 1.0, ""hidden_gru"": 128, ""hidden_lstm"": 256, ""lr"": 0.001, ""weight_decay"": 1e-06}",,256,128,128,32,0.0,0.001,1e-06,64,1.0
166,208,ok,0.01968548633158207,3.28403377532959,"{""batch_size"": 128, ""dense1"": 128, ""dense2"": 32, ""dropout"": 0.0, ""grad_clip"": 1.0, ""hidden_gru"": 128, ""hidden_lstm"": 256, ""lr"": 0.001, ""weight_decay"": 1e-06}",,256,128,128,32,0.0,0.001,1e-06,128,1.0
167,209,ok,0.019853439182043076,3.2845661640167236,"{""batch_size"": 64, ""dense1"": 128, ""dense2"": 32, ""dropout"": 0.0, ""grad_clip"": 1.0, ""hidden_gru"": 128, ""hidden_lstm"": 256, ""lr"": 0.001, ""weight_decay"": 0.0001}",,256,128,128,32,0.0,0.001,0.0001,64,1.0
168,210,ok,0.02008899115025997,4.011388778686523,"{""batch_size"": 128, ""dense1"": 128, ""dense2"": 32, ""dropout"": 0.0, ""grad_clip"": 1.0, ""hidden_gru"": 128, ""hidden_lstm"": 256, ""lr"": 0.001, ""weight_decay"": 0.0001}",,256,128,128,32,0.0,0.001,0.0001,128,1.0
169,211,ok,0.019337838515639305,4.074421405792236,"{""batch_size"": 64, ""dense1"": 128, ""dense2"": 32, ""dropout"": 0.2, ""grad_clip"": 1.0, ""hidden_gru"": 128, ""hidden_lstm"": 256, ""lr"": 0.0005, ""weight_decay"": 1e-06}",,256,128,128,32,0.2,0.0005,1e-06,64,1.0
170,212,ok,0.019880404695868492,4.02690315246582,"{""batch_size"": 128, ""dense1"": 128, ""dense2"": 32, ""dropout"": 0.2, ""grad_clip"": 1.0, ""hidden_gru"": 128, ""hidden_lstm"": 256, ""lr"": 0.0005, ""weight_decay"": 1e-06}",,256,128,128,32,0.2,0.0005,1e-06,128,1.0
171,213,ok,0.019354049116373062,4.1163389682769775,"{""batch_size"": 64, ""dense1"": 128, ""dense2"": 32, ""dropout"": 0.2, ""grad_clip"": 1.0, ""hidden_gru"": 128, ""hidden_lstm"": 256, ""lr"": 0.0005, ""weight_decay"": 0.0001}",,256,128,128,32,0.2,0.0005,0.0001,64,1.0
172,214,ok,0.020094724372029305,5.861389636993408,"{""batch_size"": 128, ""dense1"": 128, ""dense2"": 32, ""dropout"": 0.2, ""grad_clip"": 1.0, ""hidden_gru"": 128, ""hidden_lstm"": 256, ""lr"": 0.0005, ""weight_decay"": 0.0001}",,256,128,128,32,0.2,0.0005,0.0001,128,1.0
173,215,ok,0.019883550703525543,4.115999221801758,"{""batch_size"": 64, ""dense1"": 128, ""dense2"": 32, ""dropout"": 0.2, ""grad_clip"": 1.0, ""hidden_gru"": 128, ""hidden_lstm"": 256, ""lr"": 0.001, ""weight_decay"": 1e-06}",,256,128,128,32,0.2,0.001,1e-06,64,1.0
174,216,ok,0.01937169022858143,3.6532692909240723,"{""batch_size"": 128, ""dense1"": 128, ""dense2"": 32, ""dropout"": 0.2, ""grad_clip"": 1.0, ""hidden_gru"": 128, ""hidden_lstm"": 256, ""lr"": 0.001, ""weight_decay"": 1e-06}",,256,128,128,32,0.2,0.001,1e-06,128,1.0
175,217,ok,0.020084748044610023,4.90654993057251,"{""batch_size"": 64, ""dense1"": 128, ""dense2"": 32, ""dropout"": 0.2, ""grad_clip"": 1.0, ""hidden_gru"": 128, ""hidden_lstm"": 256, ""lr"": 0.001, ""weight_decay"": 0.0001}",,256,128,128,32,0.2,0.001,0.0001,64,1.0
176,218,ok,0.01945389248430729,4.0535888671875,"{""batch_size"": 128, ""dense1"": 128, ""dense2"": 32, ""dropout"": 0.2, ""grad_clip"": 1.0, ""hidden_gru"": 128, ""hidden_lstm"": 256, ""lr"": 0.001, ""weight_decay"": 0.0001}",,256,128,128,32,0.2,0.001,0.0001,128,1.0
177,219,ok,0.019734781235456467,3.2877533435821533,"{""batch_size"": 64, ""dense1"": 128, ""dense2"": 64, ""dropout"": 0.0, ""grad_clip"": 1.0, ""hidden_gru"": 128, ""hidden_lstm"": 256, ""lr"": 0.0005, ""weight_decay"": 1e-06}",,256,128,128,64,0.0,0.0005,1e-06,64,1.0
178,220,ok,0.019592415541410446,4.029983282089233,"{""batch_size"": 128, ""dense1"": 128, ""dense2"": 64, ""dropout"": 0.0, ""grad_clip"": 1.0, ""hidden_gru"": 128, ""hidden_lstm"": 256, ""lr"": 0.0005, ""weight_decay"": 1e-06}",,256,128,128,64,0.0,0.0005,1e-06,128,1.0
179,221,ok,0.020096879452466965,3.274430751800537,"{""batch_size"": 64, ""dense1"": 128, ""dense2"": 64, ""dropout"": 0.0, ""grad_clip"": 1.0, ""hidden_gru"": 128, ""hidden_lstm"": 256, ""lr"": 0.0005, ""weight_decay"": 0.0001}",,256,128,128,64,0.0,0.0005,0.0001,64,1.0
180,222,ok,0.019958505406975746,3.2901225090026855,"{""batch_size"": 128, ""dense1"": 128, ""dense2"": 64, ""dropout"": 0.0, ""grad_clip"": 1.0, ""hidden_gru"": 128, ""hidden_lstm"": 256, ""lr"": 0.0005, ""weight_decay"": 0.0001}",,256,128,128,64,0.0,0.0005,0.0001,128,1.0
181,223,ok,0.02026304043829441,4.099320411682129,"{""batch_size"": 64, ""dense1"": 128, ""dense2"": 64, ""dropout"": 0.0, ""grad_clip"": 1.0, ""hidden_gru"": 128, ""hidden_lstm"": 256, ""lr"": 0.001, ""weight_decay"": 1e-06}",,256,128,128,64,0.0,0.001,1e-06,64,1.0
182,224,ok,0.019377052783966064,3.281649112701416,"{""batch_size"": 128, ""dense1"": 128, ""dense2"": 64, ""dropout"": 0.0, ""grad_clip"": 1.0, ""hidden_gru"": 128, ""hidden_lstm"": 256, ""lr"": 0.001, ""weight_decay"": 1e-06}",,256,128,128,64,0.0,0.001,1e-06,128,1.0
183,225,ok,0.01954742707312107,3.707291603088379,"{""batch_size"": 64, ""dense1"": 128, ""dense2"": 64, ""dropout"": 0.0, ""grad_clip"": 1.0, ""hidden_gru"": 128, ""hidden_lstm"": 256, ""lr"": 0.001, ""weight_decay"": 0.0001}",,256,128,128,64,0.0,0.001,0.0001,64,1.0
184,226,ok,0.019776055589318275,4.039063215255737,"{""batch_size"": 128, ""dense1"": 128, ""dense2"": 64, ""dropout"": 0.0, ""grad_clip"": 1.0, ""hidden_gru"": 128, ""hidden_lstm"": 256, ""lr"": 0.001, ""weight_decay"": 0.0001}",,256,128,128,64,0.0,0.001,0.0001,128,1.0
185,227,ok,0.019576095044612885,4.148804426193237,"{""batch_size"": 64, ""dense1"": 128, ""dense2"": 64, ""dropout"": 0.2, ""grad_clip"": 1.0, ""hidden_gru"": 128, ""hidden_lstm"": 256, ""lr"": 0.0005, ""weight_decay"": 1e-06}",,256,128,128,64,0.2,0.0005,1e-06,64,1.0
186,228,ok,0.019446061924099922,4.052576541900635,"{""batch_size"": 128, ""dense1"": 128, ""dense2"": 64, ""dropout"": 0.2, ""grad_clip"": 1.0, ""hidden_gru"": 128, ""hidden_lstm"": 256, ""lr"": 0.0005, ""weight_decay"": 1e-06}",,256,128,128,64,0.2,0.0005,1e-06,128,1.0
187,229,ok,0.019556958228349686,3.3197686672210693,"{""batch_size"": 64, ""dense1"": 128, ""dense2"": 64, ""dropout"": 0.2, ""grad_clip"": 1.0, ""hidden_gru"": 128, ""hidden_lstm"": 256, ""lr"": 0.0005, ""weight_decay"": 0.0001}",,256,128,128,64,0.2,0.0005,0.0001,64,1.0
188,230,ok,0.019565600901842117,4.063178062438965,"{""batch_size"": 128, ""dense1"": 128, ""dense2"": 64, ""dropout"": 0.2, ""grad_clip"": 1.0, ""hidden_gru"": 128, ""hidden_lstm"": 256, ""lr"": 0.0005, ""weight_decay"": 0.0001}",,256,128,128,64,0.2,0.0005,0.0001,128,1.0
189,231,ok,0.019752826541662216,5.8037896156311035,"{""batch_size"": 64, ""dense1"": 128, ""dense2"": 64, ""dropout"": 0.2, ""grad_clip"": 1.0, ""hidden_gru"": 128, ""hidden_lstm"": 256, ""lr"": 0.001, ""weight_decay"": 1e-06}",,256,128,128,64,0.2,0.001,1e-06,64,1.0
190,232,ok,0.01949545554816723,3.6935691833496094,"{""batch_size"": 128, ""dense1"": 128, ""dense2"": 64, ""dropout"": 0.2, ""grad_clip"": 1.0, ""hidden_gru"": 128, ""hidden_lstm"": 256, ""lr"": 0.001, ""weight_decay"": 1e-06}",,256,128,128,64,0.2,0.001,1e-06,128,1.0
191,233,ok,0.019206656143069267,3.707507371902466,"{""batch_size"": 64, ""dense1"": 128, ""dense2"": 64, ""dropout"": 0.2, ""grad_clip"": 1.0, ""hidden_gru"": 128, ""hidden_lstm"": 256, ""lr"": 0.001, ""weight_decay"": 0.0001}",,256,128,128,64,0.2,0.001,0.0001,64,1.0
192,234,ok,0.019621064886450768,3.6850674152374268,"{""batch_size"": 128, ""dense1"": 128, ""dense2"": 64, ""dropout"": 0.2, ""grad_clip"": 1.0, ""hidden_gru"": 128, ""hidden_lstm"": 256, ""lr"": 0.001, ""weight_decay"": 0.0001}",,256,128,128,64,0.2,0.001,0.0001,128,1.0
193,235,ok,0.019944433122873306,6.036823034286499,"{""batch_size"": 64, ""dense1"": 64, ""dense2"": 32, ""dropout"": 0.0, ""grad_clip"": 1.0, ""hidden_gru"": 256, ""hidden_lstm"": 256, ""lr"": 0.0005, ""weight_decay"": 1e-06}",,256,256,64,32,0.0,0.0005,1e-06,64,1.0
194,236,ok,0.02095569111406803,6.2596518993377686,"{""batch_size"": 128, ""dense1"": 64, ""dense2"": 32, ""dropout"": 0.0, ""grad_clip"": 1.0, ""hidden_gru"": 256, ""hidden_lstm"": 256, ""lr"": 0.0005, ""weight_decay"": 1e-06}",,256,256,64,32,0.0,0.0005,1e-06,128,1.0
195,237,ok,0.019903086125850677,5.464601993560791,"{""batch_size"": 64, ""dense1"": 64, ""dense2"": 32, ""dropout"": 0.0, ""grad_clip"": 1.0, ""hidden_gru"": 256, ""hidden_lstm"": 256, ""lr"": 0.0005, ""weight_decay"": 0.0001}",,256,256,64,32,0.0,0.0005,0.0001,64,1.0
196,238,ok,0.019397325813770294,5.212177038192749,"{""batch_size"": 128, ""dense1"": 64, ""dense2"": 32, ""dropout"": 0.0, ""grad_clip"": 1.0, ""hidden_gru"": 256, ""hidden_lstm"": 256, ""lr"": 0.0005, ""weight_decay"": 0.0001}",,256,256,64,32,0.0,0.0005,0.0001,128,1.0
197,239,ok,0.01949664205312729,5.493862867355347,"{""batch_size"": 64, ""dense1"": 64, ""dense2"": 32, ""dropout"": 0.0, ""grad_clip"": 1.0, ""hidden_gru"": 256, ""hidden_lstm"": 256, ""lr"": 0.001, ""weight_decay"": 1e-06}",,256,256,64,32,0.0,0.001,1e-06,64,1.0
198,240,ok,0.019942687824368477,5.21448016166687,"{""batch_size"": 128, ""dense1"": 64, ""dense2"": 32, ""dropout"": 0.0, ""grad_clip"": 1.0, ""hidden_gru"": 256, ""hidden_lstm"": 256, ""lr"": 0.001, ""weight_decay"": 1e-06}",,256,256,64,32,0.0,0.001,1e-06,128,1.0
199,241,ok,0.020200883969664574,4.869938373565674,"{""batch_size"": 64, ""dense1"": 64, ""dense2"": 32, ""dropout"": 0.0, ""grad_clip"": 1.0, ""hidden_gru"": 256, ""hidden_lstm"": 256, ""lr"": 0.001, ""weight_decay"": 0.0001}",,256,256,64,32,0.0,0.001,0.0001,64,1.0
200,242,ok,0.019332336261868477,5.741118431091309,"{""batch_size"": 128, ""dense1"": 64, ""dense2"": 32, ""dropout"": 0.0, ""grad_clip"": 1.0, ""hidden_gru"": 256, ""hidden_lstm"": 256, ""lr"": 0.001, ""weight_decay"": 0.0001}",,256,256,64,32,0.0,0.001,0.0001,128,1.0
201,243,ok,0.01958872377872467,6.019149541854858,"{""batch_size"": 64, ""dense1"": 64, ""dense2"": 32, ""dropout"": 0.2, ""grad_clip"": 1.0, ""hidden_gru"": 256, ""hidden_lstm"": 256, ""lr"": 0.0005, ""weight_decay"": 1e-06}",,256,256,64,32,0.2,0.0005,1e-06,64,1.0
202,244,ok,0.02039531245827675,6.258761644363403,"{""batch_size"": 128, ""dense1"": 64, ""dense2"": 32, ""dropout"": 0.2, ""grad_clip"": 1.0, ""hidden_gru"": 256, ""hidden_lstm"": 256, ""lr"": 0.0005, ""weight_decay"": 1e-06}",,256,256,64,32,0.2,0.0005,1e-06,128,1.0
203,245,ok,0.019156210124492645,5.428428649902344,"{""batch_size"": 64, ""dense1"": 64, ""dense2"": 32, ""dropout"": 0.2, ""grad_clip"": 1.0, ""hidden_gru"": 256, ""hidden_lstm"": 256, ""lr"": 0.0005, ""weight_decay"": 0.0001}",,256,256,64,32,0.2,0.0005,0.0001,64,1.0
204,246,ok,0.019254976883530617,4.696850538253784,"{""batch_size"": 128, ""dense1"": 64, ""dense2"": 32, ""dropout"": 0.2, ""grad_clip"": 1.0, ""hidden_gru"": 256, ""hidden_lstm"": 256, ""lr"": 0.0005, ""weight_decay"": 0.0001}",,256,256,64,32,0.2,0.0005,0.0001,128,1.0
205,247,ok,0.0192415788769722,6.625052213668823,"{""batch_size"": 64, ""dense1"": 64, ""dense2"": 32, ""dropout"": 0.2, ""grad_clip"": 1.0, ""hidden_gru"": 256, ""hidden_lstm"": 256, ""lr"": 0.001, ""weight_decay"": 1e-06}",,256,256,64,32,0.2,0.001,1e-06,64,1.0
206,248,ok,0.019853876903653145,7.290617227554321,"{""batch_size"": 128, ""dense1"": 64, ""dense2"": 32, ""dropout"": 0.2, ""grad_clip"": 1.0, ""hidden_gru"": 256, ""hidden_lstm"": 256, ""lr"": 0.001, ""weight_decay"": 1e-06}",,256,256,64,32,0.2,0.001,1e-06,128,1.0
207,249,ok,0.019453994929790497,7.29407525062561,"{""batch_size"": 64, ""dense1"": 64, ""dense2"": 32, ""dropout"": 0.2, ""grad_clip"": 1.0, ""hidden_gru"": 256, ""hidden_lstm"": 256, ""lr"": 0.001, ""weight_decay"": 0.0001}",,256,256,64,32,0.2,0.001,0.0001,64,1.0
208,250,ok,0.019709022715687752,7.305181264877319,"{""batch_size"": 128, ""dense1"": 64, ""dense2"": 32, ""dropout"": 0.2, ""grad_clip"": 1.0, ""hidden_gru"": 256, ""hidden_lstm"": 256, ""lr"": 0.001, ""weight_decay"": 0.0001}",,256,256,64,32,0.2,0.001,0.0001,128,1.0
209,251,ok,0.019850555807352066,4.865477800369263,"{""batch_size"": 64, ""dense1"": 64, ""dense2"": 64, ""dropout"": 0.0, ""grad_clip"": 1.0, ""hidden_gru"": 256, ""hidden_lstm"": 256, ""lr"": 0.0005, ""weight_decay"": 1e-06}",,256,256,64,64,0.0,0.0005,1e-06,64,1.0
210,252,ok,0.019292715936899185,4.690458297729492,"{""batch_size"": 128, ""dense1"": 64, ""dense2"": 64, ""dropout"": 0.0, ""grad_clip"": 1.0, ""hidden_gru"": 256, ""hidden_lstm"": 256, ""lr"": 0.0005, ""weight_decay"": 1e-06}",,256,256,64,64,0.0,0.0005,1e-06,128,1.0
211,253,ok,0.01998625323176384,6.039926528930664,"{""batch_size"": 64, ""dense1"": 64, ""dense2"": 64, ""dropout"": 0.0, ""grad_clip"": 1.0, ""hidden_gru"": 256, ""hidden_lstm"": 256, ""lr"": 0.0005, ""weight_decay"": 0.0001}",,256,256,64,64,0.0,0.0005,0.0001,64,1.0
212,254,ok,0.0192588921636343,4.688352346420288,"{""batch_size"": 128, ""dense1"": 64, ""dense2"": 64, ""dropout"": 0.0, ""grad_clip"": 1.0, ""hidden_gru"": 256, ""hidden_lstm"": 256, ""lr"": 0.0005, ""weight_decay"": 0.0001}",,256,256,64,64,0.0,0.0005,0.0001,128,1.0
213,255,ok,0.019839290529489517,5.468093156814575,"{""batch_size"": 64, ""dense1"": 64, ""dense2"": 64, ""dropout"": 0.0, ""grad_clip"": 1.0, ""hidden_gru"": 256, ""hidden_lstm"": 256, ""lr"": 0.001, ""weight_decay"": 1e-06}",,256,256,64,64,0.0,0.001,1e-06,64,1.0
214,256,ok,0.019547564908862114,4.173873424530029,"{""batch_size"": 128, ""dense1"": 64, ""dense2"": 64, ""dropout"": 0.0, ""grad_clip"": 1.0, ""hidden_gru"": 256, ""hidden_lstm"": 256, ""lr"": 0.001, ""weight_decay"": 1e-06}",,256,256,64,64,0.0,0.001,1e-06,128,1.0
215,257,ok,0.019776279106736183,5.568418502807617,"{""batch_size"": 64, ""dense1"": 64, ""dense2"": 64, ""dropout"": 0.0, ""grad_clip"": 1.0, ""hidden_gru"": 256, ""hidden_lstm"": 256, ""lr"": 0.001, ""weight_decay"": 0.0001}",,256,256,64,64,0.0,0.001,0.0001,64,1.0
216,258,ok,0.019164104014635086,5.743425607681274,"{""batch_size"": 128, ""dense1"": 64, ""dense2"": 64, ""dropout"": 0.0, ""grad_clip"": 1.0, ""hidden_gru"": 256, ""hidden_lstm"": 256, ""lr"": 0.001, ""weight_decay"": 0.0001}",,256,256,64,64,0.0,0.001,0.0001,128,1.0
217,259,ok,0.019307546317577362,7.844862461090088,"{""batch_size"": 64, ""dense1"": 64, ""dense2"": 64, ""dropout"": 0.2, ""grad_clip"": 1.0, ""hidden_gru"": 256, ""hidden_lstm"": 256, ""lr"": 0.0005, ""weight_decay"": 1e-06}",,256,256,64,64,0.2,0.0005,1e-06,64,1.0
218,260,ok,0.019426720216870308,8.895221710205078,"{""batch_size"": 128, ""dense1"": 64, ""dense2"": 64, ""dropout"": 0.2, ""grad_clip"": 1.0, ""hidden_gru"": 256, ""hidden_lstm"": 256, ""lr"": 0.0005, ""weight_decay"": 1e-06}",,256,256,64,64,0.2,0.0005,1e-06,128,1.0
219,261,ok,0.019733717665076256,6.665564060211182,"{""batch_size"": 64, ""dense1"": 64, ""dense2"": 64, ""dropout"": 0.2, ""grad_clip"": 1.0, ""hidden_gru"": 256, ""hidden_lstm"": 256, ""lr"": 0.0005, ""weight_decay"": 0.0001}",,256,256,64,64,0.2,0.0005,0.0001,64,1.0
220,262,ok,0.0192529559135437,5.221199989318848,"{""batch_size"": 128, ""dense1"": 64, ""dense2"": 64, ""dropout"": 0.2, ""grad_clip"": 1.0, ""hidden_gru"": 256, ""hidden_lstm"": 256, ""lr"": 0.0005, ""weight_decay"": 0.0001}",,256,256,64,64,0.2,0.0005,0.0001,128,1.0
221,263,ok,0.019006233662366867,7.843935012817383,"{""batch_size"": 64, ""dense1"": 64, ""dense2"": 64, ""dropout"": 0.2, ""grad_clip"": 1.0, ""hidden_gru"": 256, ""hidden_lstm"": 256, ""lr"": 0.001, ""weight_decay"": 1e-06}",,256,256,64,64,0.2,0.001,1e-06,64,1.0
222,264,ok,0.01912347786128521,6.262121200561523,"{""batch_size"": 128, ""dense1"": 64, ""dense2"": 64, ""dropout"": 0.2, ""grad_clip"": 1.0, ""hidden_gru"": 256, ""hidden_lstm"": 256, ""lr"": 0.001, ""weight_decay"": 1e-06}",,256,256,64,64,0.2,0.001,1e-06,128,1.0
223,265,ok,0.01957694999873638,7.266650199890137,"{""batch_size"": 64, ""dense1"": 64, ""dense2"": 64, ""dropout"": 0.2, ""grad_clip"": 1.0, ""hidden_gru"": 256, ""hidden_lstm"": 256, ""lr"": 0.001, ""weight_decay"": 0.0001}",,256,256,64,64,0.2,0.001,0.0001,64,1.0
224,266,ok,0.019650466740131378,5.2454514503479,"{""batch_size"": 128, ""dense1"": 64, ""dense2"": 64, ""dropout"": 0.2, ""grad_clip"": 1.0, ""hidden_gru"": 256, ""hidden_lstm"": 256, ""lr"": 0.001, ""weight_decay"": 0.0001}",,256,256,64,64,0.2,0.001,0.0001,128,1.0
225,267,ok,0.01974569447338581,6.066353797912598,"{""batch_size"": 64, ""dense1"": 128, ""dense2"": 32, ""dropout"": 0.0, ""grad_clip"": 1.0, ""hidden_gru"": 256, ""hidden_lstm"": 256, ""lr"": 0.0005, ""weight_decay"": 1e-06}",,256,256,128,32,0.0,0.0005,1e-06,64,1.0
226,268,ok,0.020805202424526215,6.799712657928467,"{""batch_size"": 128, ""dense1"": 128, ""dense2"": 32, ""dropout"": 0.0, ""grad_clip"": 1.0, ""hidden_gru"": 256, ""hidden_lstm"": 256, ""lr"": 0.0005, ""weight_decay"": 1e-06}",,256,256,128,32,0.0,0.0005,1e-06,128,1.0
227,269,ok,0.019504230469465256,4.8236682415008545,"{""batch_size"": 64, ""dense1"": 128, ""dense2"": 32, ""dropout"": 0.0, ""grad_clip"": 1.0, ""hidden_gru"": 256, ""hidden_lstm"": 256, ""lr"": 0.0005, ""weight_decay"": 0.0001}",,256,256,128,32,0.0,0.0005,0.0001,64,1.0
228,270,ok,0.01928444392979145,4.7201056480407715,"{""batch_size"": 128, ""dense1"": 128, ""dense2"": 32, ""dropout"": 0.0, ""grad_clip"": 1.0, ""hidden_gru"": 256, ""hidden_lstm"": 256, ""lr"": 0.0005, ""weight_decay"": 0.0001}",,256,256,128,32,0.0,0.0005,0.0001,128,1.0
229,271,ok,0.01944584958255291,5.50858998298645,"{""batch_size"": 64, ""dense1"": 128, ""dense2"": 32, ""dropout"": 0.0, ""grad_clip"": 1.0, ""hidden_gru"": 256, ""hidden_lstm"": 256, ""lr"": 0.001, ""weight_decay"": 1e-06}",,256,256,128,32,0.0,0.001,1e-06,64,1.0
230,272,ok,0.01931123435497284,4.181946277618408,"{""batch_size"": 128, ""dense1"": 128, ""dense2"": 32, ""dropout"": 0.0, ""grad_clip"": 1.0, ""hidden_gru"": 256, ""hidden_lstm"": 256, ""lr"": 0.001, ""weight_decay"": 1e-06}",,256,256,128,32,0.0,0.001,1e-06,128,1.0
231,273,ok,0.01994721218943596,4.852468252182007,"{""batch_size"": 64, ""dense1"": 128, ""dense2"": 32, ""dropout"": 0.0, ""grad_clip"": 1.0, ""hidden_gru"": 256, ""hidden_lstm"": 256, ""lr"": 0.001, ""weight_decay"": 0.0001}",,256,256,128,32,0.0,0.001,0.0001,64,1.0
232,274,ok,0.019677601754665375,4.69530177116394,"{""batch_size"": 128, ""dense1"": 128, ""dense2"": 32, ""dropout"": 0.0, ""grad_clip"": 1.0, ""hidden_gru"": 256, ""hidden_lstm"": 256, ""lr"": 0.001, ""weight_decay"": 0.0001}",,256,256,128,32,0.0,0.001,0.0001,128,1.0
233,275,ok,0.01943974755704403,4.824515104293823,"{""batch_size"": 64, ""dense1"": 128, ""dense2"": 32, ""dropout"": 0.2, ""grad_clip"": 1.0, ""hidden_gru"": 256, ""hidden_lstm"": 256, ""lr"": 0.0005, ""weight_decay"": 1e-06}",,256,256,128,32,0.2,0.0005,1e-06,64,1.0
234,276,ok,0.02003771997988224,5.7589192390441895,"{""batch_size"": 128, ""dense1"": 128, ""dense2"": 32, ""dropout"": 0.2, ""grad_clip"": 1.0, ""hidden_gru"": 256, ""hidden_lstm"": 256, ""lr"": 0.0005, ""weight_decay"": 1e-06}",,256,256,128,32,0.2,0.0005,1e-06,128,1.0
235,277,ok,0.01923154853284359,5.520854234695435,"{""batch_size"": 64, ""dense1"": 128, ""dense2"": 32, ""dropout"": 0.2, ""grad_clip"": 1.0, ""hidden_gru"": 256, ""hidden_lstm"": 256, ""lr"": 0.0005, ""weight_decay"": 0.0001}",,256,256,128,32,0.2,0.0005,0.0001,64,1.0
236,278,ok,0.019284231588244438,5.230586051940918,"{""batch_size"": 128, ""dense1"": 128, ""dense2"": 32, ""dropout"": 0.2, ""grad_clip"": 1.0, ""hidden_gru"": 256, ""hidden_lstm"": 256, ""lr"": 0.0005, ""weight_decay"": 0.0001}",,256,256,128,32,0.2,0.0005,0.0001,128,1.0
237,279,ok,0.019665803760290146,6.062823295593262,"{""batch_size"": 64, ""dense1"": 128, ""dense2"": 32, ""dropout"": 0.2, ""grad_clip"": 1.0, ""hidden_gru"": 256, ""hidden_lstm"": 256, ""lr"": 0.001, ""weight_decay"": 1e-06}",,256,256,128,32,0.2,0.001,1e-06,64,1.0
238,280,ok,0.019781876355409622,5.236794948577881,"{""batch_size"": 128, ""dense1"": 128, ""dense2"": 32, ""dropout"": 0.2, ""grad_clip"": 1.0, ""hidden_gru"": 256, ""hidden_lstm"": 256, ""lr"": 0.001, ""weight_decay"": 1e-06}",,256,256,128,32,0.2,0.001,1e-06,128,1.0
239,281,ok,0.01970626600086689,4.836544036865234,"{""batch_size"": 64, ""dense1"": 128, ""dense2"": 32, ""dropout"": 0.2, ""grad_clip"": 1.0, ""hidden_gru"": 256, ""hidden_lstm"": 256, ""lr"": 0.001, ""weight_decay"": 0.0001}",,256,256,128,32,0.2,0.001,0.0001,64,1.0
240,282,ok,0.019941018894314766,6.823017358779907,"{""batch_size"": 128, ""dense1"": 128, ""dense2"": 32, ""dropout"": 0.2, ""grad_clip"": 1.0, ""hidden_gru"": 256, ""hidden_lstm"": 256, ""lr"": 0.001, ""weight_decay"": 0.0001}",,256,256,128,32,0.2,0.001,0.0001,128,1.0
241,283,ok,0.01935012824833393,4.862170457839966,"{""batch_size"": 64, ""dense1"": 128, ""dense2"": 64, ""dropout"": 0.0, ""grad_clip"": 1.0, ""hidden_gru"": 256, ""hidden_lstm"": 256, ""lr"": 0.0005, ""weight_decay"": 1e-06}",,256,256,128,64,0.0,0.0005,1e-06,64,1.0
242,284,ok,0.019459906965494156,5.236531734466553,"{""batch_size"": 128, ""dense1"": 128, ""dense2"": 64, ""dropout"": 0.0, ""grad_clip"": 1.0, ""hidden_gru"": 256, ""hidden_lstm"": 256, ""lr"": 0.0005, ""weight_decay"": 1e-06}",,256,256,128,64,0.0,0.0005,1e-06,128,1.0
243,285,ok,0.020100049674510956,6.063601493835449,"{""batch_size"": 64, ""dense1"": 128, ""dense2"": 64, ""dropout"": 0.0, ""grad_clip"": 1.0, ""hidden_gru"": 256, ""hidden_lstm"": 256, ""lr"": 0.0005, ""weight_decay"": 0.0001}",,256,256,128,64,0.0,0.0005,0.0001,64,1.0
244,286,ok,0.01978890225291252,4.704222679138184,"{""batch_size"": 128, ""dense1"": 128, ""dense2"": 64, ""dropout"": 0.0, ""grad_clip"": 1.0, ""hidden_gru"": 256, ""hidden_lstm"": 256, ""lr"": 0.0005, ""weight_decay"": 0.0001}",,256,256,128,64,0.0,0.0005,0.0001,128,1.0
245,287,ok,0.01943497732281685,4.8363752365112305,"{""batch_size"": 64, ""dense1"": 128, ""dense2"": 64, ""dropout"": 0.0, ""grad_clip"": 1.0, ""hidden_gru"": 256, ""hidden_lstm"": 256, ""lr"": 0.001, ""weight_decay"": 1e-06}",,256,256,128,64,0.0,0.001,1e-06,64,1.0
246,288,ok,0.01997539773583412,5.217926502227783,"{""batch_size"": 128, ""dense1"": 128, ""dense2"": 64, ""dropout"": 0.0, ""grad_clip"": 1.0, ""hidden_gru"": 256, ""hidden_lstm"": 256, ""lr"": 0.001, ""weight_decay"": 1e-06}",,256,256,128,64,0.0,0.001,1e-06,128,1.0
247,289,ok,0.01992574706673622,6.058588743209839,"{""batch_size"": 64, ""dense1"": 128, ""dense2"": 64, ""dropout"": 0.0, ""grad_clip"": 1.0, ""hidden_gru"": 256, ""hidden_lstm"": 256, ""lr"": 0.001, ""weight_decay"": 0.0001}",,256,256,128,64,0.0,0.001,0.0001,64,1.0
248,290,ok,0.01958543434739113,4.697709560394287,"{""batch_size"": 128, ""dense1"": 128, ""dense2"": 64, ""dropout"": 0.0, ""grad_clip"": 1.0, ""hidden_gru"": 256, ""hidden_lstm"": 256, ""lr"": 0.001, ""weight_decay"": 0.0001}",,256,256,128,64,0.0,0.001,0.0001,128,1.0
249,291,ok,0.019367702305316925,7.231487035751343,"{""batch_size"": 64, ""dense1"": 128, ""dense2"": 64, ""dropout"": 0.2, ""grad_clip"": 1.0, ""hidden_gru"": 256, ""hidden_lstm"": 256, ""lr"": 0.0005, ""weight_decay"": 1e-06}",,256,256,128,64,0.2,0.0005,1e-06,64,1.0
250,292,ok,0.019525419920682907,4.692375421524048,"{""batch_size"": 128, ""dense1"": 128, ""dense2"": 64, ""dropout"": 0.2, ""grad_clip"": 1.0, ""hidden_gru"": 256, ""hidden_lstm"": 256, ""lr"": 0.0005, ""weight_decay"": 1e-06}",,256,256,128,64,0.2,0.0005,1e-06,128,1.0
251,293,ok,0.019869178533554077,6.632379055023193,"{""batch_size"": 64, ""dense1"": 128, ""dense2"": 64, ""dropout"": 0.2, ""grad_clip"": 1.0, ""hidden_gru"": 256, ""hidden_lstm"": 256, ""lr"": 0.0005, ""weight_decay"": 0.0001}",,256,256,128,64,0.2,0.0005,0.0001,64,1.0
252,294,ok,0.019492853432893753,7.339567184448242,"{""batch_size"": 128, ""dense1"": 128, ""dense2"": 64, ""dropout"": 0.2, ""grad_clip"": 1.0, ""hidden_gru"": 256, ""hidden_lstm"": 256, ""lr"": 0.0005, ""weight_decay"": 0.0001}",,256,256,128,64,0.2,0.0005,0.0001,128,1.0
253,295,ok,0.019767211750149727,5.472821950912476,"{""batch_size"": 64, ""dense1"": 128, ""dense2"": 64, ""dropout"": 0.2, ""grad_clip"": 1.0, ""hidden_gru"": 256, ""hidden_lstm"": 256, ""lr"": 0.001, ""weight_decay"": 1e-06}",,256,256,128,64,0.2,0.001,1e-06,64,1.0
254,296,ok,0.019831284880638123,5.7469868659973145,"{""batch_size"": 128, ""dense1"": 128, ""dense2"": 64, ""dropout"": 0.2, ""grad_clip"": 1.0, ""hidden_gru"": 256, ""hidden_lstm"": 256, ""lr"": 0.001, ""weight_decay"": 1e-06}",,256,256,128,64,0.2,0.001,1e-06,128,1.0
255,297,ok,0.019271614030003548,4.824204444885254,"{""batch_size"": 64, ""dense1"": 128, ""dense2"": 64, ""dropout"": 0.2, ""grad_clip"": 1.0, ""hidden_gru"": 256, ""hidden_lstm"": 256, ""lr"": 0.001, ""weight_decay"": 0.0001}",,256,256,128,64,0.2,0.001,0.0001,64,1.0
256,298,ok,0.02018679678440094,6.794093370437622,"{""batch_size"": 128, ""dense1"": 128, ""dense2"": 64, ""dropout"": 0.2, ""grad_clip"": 1.0, ""hidden_gru"": 256, ""hidden_lstm"": 256, ""lr"": 0.001, ""weight_decay"": 0.0001}",,256,256,128,64,0.2,0.001,0.0001,128,1.0
